file_id,file_name,energy_min_keV,energy_max_keV,energy_keV,bin_width_keV,counts,statistical_error_counts,rate_counts_per_s,rate_counts_per_s_per_keV,statistical_error_counts_per_s_per_keV
1729,HB4_DOWN_2,50.0,52.0,51.0,2.0,71.0,8.426149773176359,0.3283236994219653,0.16416184971098266,0.019482427221217014
1729,HB4_DOWN_2,52.0,54.0,53.0,2.0,82.0,9.055385138137417,0.3791907514450867,0.18959537572254334,0.020937306677774374
1729,HB4_DOWN_2,54.0,56.0,55.0,2.0,107.0,10.344080432788601,0.49479768786127165,0.24739884393063583,0.0239169489775459
1729,HB4_DOWN_2,56.0,58.0,57.0,2.0,54.0,7.3484692283495345,0.24971098265895952,0.12485549132947976,0.01699068029676193
1729,HB4_DOWN_2,58.0,60.0,59.0,2.0,110.0,10.488088481701515,0.5086705202312138,0.2543352601156069,0.024249915564627782
1729,HB4_DOWN_2,60.0,62.0,61.0,2.0,72.0,8.48528137423857,0.3329479768786127,0.16647398843930636,0.01961914768610074
1729,HB4_DOWN_2,62.0,64.0,63.0,2.0,94.0,9.695359714832659,0.4346820809248555,0.21734104046242775,0.022417016681694008
1729,HB4_DOWN_2,64.0,66.0,65.0,2.0,101.0,10.04987562112089,0.46705202312138727,0.23352601156069364,0.023236706638429805
1729,HB4_DOWN_2,66.0,68.0,67.0,2.0,107.0,10.344080432788601,0.49479768786127165,0.24739884393063583,0.0239169489775459
1729,HB4_DOWN_2,68.0,70.0,69.0,2.0,102.0,10.099504938362077,0.47167630057803467,0.23583815028901733,0.023351456504883416
1729,HB4_DOWN_2,70.0,72.0,71.0,2.0,54.0,7.3484692283495345,0.24971098265895952,0.12485549132947976,0.01699068029676193
1729,HB4_DOWN_2,72.0,74.0,73.0,2.0,111.0,10.535653752852738,0.5132947976878612,0.2566473988439306,0.02435989307017974
1729,HB4_DOWN_2,74.0,76.0,75.0,2.0,160.0,12.649110640673518,0.7398843930635838,0.3699421965317919,0.029246498591152643
1729,HB4_DOWN_2,76.0,78.0,77.0,2.0,132.0,11.489125293076057,0.6104046242774567,0.30520231213872834,0.026564451544684526
1729,HB4_DOWN_2,78.0,80.0,79.0,2.0,54.0,7.3484692283495345,0.24971098265895952,0.12485549132947976,0.01699068029676193
1729,HB4_DOWN_2,80.0,82.0,81.0,2.0,69.0,8.306623862918075,0.3190751445086705,0.15953757225433526,0.019206066735070693
1729,HB4_DOWN_2,82.0,84.0,83.0,2.0,71.0,8.426149773176359,0.3283236994219653,0.16416184971098266,0.019482427221217014
1729,HB4_DOWN_2,84.0,86.0,85.0,2.0,71.0,8.426149773176359,0.3283236994219653,0.16416184971098266,0.019482427221217014
1729,HB4_DOWN_2,86.0,88.0,87.0,2.0,102.0,10.099504938362077,0.47167630057803467,0.23583815028901733,0.023351456504883416
1729,HB4_DOWN_2,88.0,90.0,89.0,2.0,70.0,8.366600265340756,0.3236994219653179,0.16184971098265896,0.0193447404978977
1729,HB4_DOWN_2,90.0,92.0,91.0,2.0,57.0,7.54983443527075,0.2635838150289017,0.13179190751445086,0.017456264590221388
1729,HB4_DOWN_2,92.0,94.0,93.0,2.0,67.0,8.18535277187245,0.30982658959537573,0.15491329479768787,0.018925671148838037
1729,HB4_DOWN_2,94.0,96.0,95.0,2.0,59.0,7.681145747868608,0.2728323699421965,0.13641618497109825,0.017759874561545912
1729,HB4_DOWN_2,96.0,98.0,97.0,2.0,57.0,7.54983443527075,0.2635838150289017,0.13179190751445086,0.017456264590221388
1729,HB4_DOWN_2,98.0,100.0,99.0,2.0,57.0,7.54983443527075,0.2635838150289017,0.13179190751445086,0.017456264590221388
1729,HB4_DOWN_2,100.0,102.0,101.0,2.0,28.0,5.291502622129181,0.12947976878612716,0.06473988439306358,0.012234688143651286
1729,HB4_DOWN_2,102.0,104.0,103.0,2.0,48.0,6.928203230275509,0.22196531791907514,0.11098265895953757,0.01601896700641736
1729,HB4_DOWN_2,104.0,106.0,105.0,2.0,46.0,6.782329983125268,0.21271676300578035,0.10635838150289018,0.015681687822254955
1729,HB4_DOWN_2,106.0,108.0,107.0,2.0,60.0,7.745966692414834,0.2774566473988439,0.13872832369942195,0.017909749577837766
1729,HB4_DOWN_2,108.0,110.0,109.0,2.0,62.0,7.874007874011811,0.28670520231213875,0.14335260115606938,0.018205798552628466
1729,HB4_DOWN_2,110.0,112.0,111.0,2.0,63.0,7.937253933193772,0.29132947976878615,0.14566473988439307,0.01835203221547693
1729,HB4_DOWN_2,112.0,114.0,113.0,2.0,61.0,7.810249675906654,0.28208092485549136,0.14104046242774568,0.018058380753541395
1729,HB4_DOWN_2,114.0,116.0,115.0,2.0,35.0,5.916079783099616,0.16184971098265896,0.08092485549132948,0.013678797186357493
1729,HB4_DOWN_2,116.0,118.0,117.0,2.0,54.0,7.3484692283495345,0.24971098265895952,0.12485549132947976,0.01699068029676193
1729,HB4_DOWN_2,118.0,120.0,119.0,2.0,63.0,7.937253933193772,0.29132947976878615,0.14566473988439307,0.01835203221547693
1729,HB4_DOWN_2,120.0,122.0,121.0,2.0,58.0,7.615773105863909,0.2682080924855491,0.13410404624277455,0.017608723944194007
1729,HB4_DOWN_2,122.0,124.0,123.0,2.0,51.0,7.14142842854285,0.23583815028901733,0.11791907514450867,0.01651197324518578
1729,HB4_DOWN_2,124.0,126.0,125.0,2.0,46.0,6.782329983125268,0.21271676300578035,0.10635838150289018,0.015681687822254955
1729,HB4_DOWN_2,126.0,128.0,127.0,2.0,61.0,7.810249675906654,0.28208092485549136,0.14104046242774568,0.018058380753541395
1729,HB4_DOWN_2,128.0,130.0,129.0,2.0,36.0,6.0,0.16647398843930636,0.08323699421965318,0.013872832369942197
1729,HB4_DOWN_2,130.0,132.0,131.0,2.0,47.0,6.855654600401044,0.21734104046242775,0.10867052023121387,0.015851224509597788
1729,HB4_DOWN_2,132.0,134.0,133.0,2.0,46.0,6.782329983125268,0.21271676300578035,0.10635838150289018,0.015681687822254955
1729,HB4_DOWN_2,134.0,136.0,135.0,2.0,64.0,8.0,0.29595375722543354,0.14797687861271677,0.018497109826589597
1729,HB4_DOWN_2,136.0,138.0,137.0,2.0,47.0,6.855654600401044,0.21734104046242775,0.10867052023121387,0.015851224509597788
1729,HB4_DOWN_2,138.0,140.0,139.0,2.0,87.0,9.327379053088816,0.4023121387283237,0.20115606936416186,0.021566194342401885
1729,HB4_DOWN_2,140.0,142.0,141.0,2.0,111.0,10.535653752852738,0.5132947976878612,0.2566473988439306,0.02435989307017974
1729,HB4_DOWN_2,142.0,144.0,143.0,2.0,43.0,6.557438524302,0.19884393063583816,0.09942196531791908,0.015161707570640464
1729,HB4_DOWN_2,144.0,146.0,145.0,2.0,60.0,7.745966692414834,0.2774566473988439,0.13872832369942195,0.017909749577837766
1729,HB4_DOWN_2,146.0,148.0,147.0,2.0,69.0,8.306623862918075,0.3190751445086705,0.15953757225433526,0.019206066735070693
1729,HB4_DOWN_2,148.0,150.0,149.0,2.0,59.0,7.681145747868608,0.2728323699421965,0.13641618497109825,0.017759874561545912
1729,HB4_DOWN_2,150.0,152.0,151.0,2.0,47.0,6.855654600401044,0.21734104046242775,0.10867052023121387,0.015851224509597788
1729,HB4_DOWN_2,152.0,154.0,153.0,2.0,47.0,6.855654600401044,0.21734104046242775,0.10867052023121387,0.015851224509597788
1729,HB4_DOWN_2,154.0,156.0,155.0,2.0,60.0,7.745966692414834,0.2774566473988439,0.13872832369942195,0.017909749577837766
1729,HB4_DOWN_2,156.0,158.0,157.0,2.0,38.0,6.164414002968976,0.17572254335260115,0.08786127167630058,0.014252980353685494
1729,HB4_DOWN_2,158.0,160.0,159.0,2.0,56.0,7.483314773547883,0.2589595375722543,0.12947976878612716,0.017302461904156956
1729,HB4_DOWN_2,160.0,162.0,161.0,2.0,71.0,8.426149773176359,0.3283236994219653,0.16416184971098266,0.019482427221217014
1729,HB4_DOWN_2,162.0,164.0,163.0,2.0,58.0,7.615773105863909,0.2682080924855491,0.13410404624277455,0.017608723944194007
1729,HB4_DOWN_2,164.0,166.0,165.0,2.0,70.0,8.366600265340756,0.3236994219653179,0.16184971098265896,0.0193447404978977
1729,HB4_DOWN_2,166.0,168.0,167.0,2.0,70.0,8.366600265340756,0.3236994219653179,0.16184971098265896,0.0193447404978977
1729,HB4_DOWN_2,168.0,170.0,169.0,2.0,56.0,7.483314773547883,0.2589595375722543,0.12947976878612716,0.017302461904156956
1729,HB4_DOWN_2,170.0,172.0,171.0,2.0,43.0,6.557438524302,0.19884393063583816,0.09942196531791908,0.015161707570640464
1729,HB4_DOWN_2,172.0,174.0,173.0,2.0,50.0,7.0710678118654755,0.23121387283236994,0.11560693641618497,0.016349289738417285
1729,HB4_DOWN_2,174.0,176.0,175.0,2.0,84.0,9.16515138991168,0.3884393063583815,0.19421965317919074,0.021191101479564576
1729,HB4_DOWN_2,176.0,178.0,177.0,2.0,73.0,8.54400374531753,0.3375722543352601,0.16878612716763006,0.0197549219544914
1729,HB4_DOWN_2,178.0,180.0,179.0,2.0,69.0,8.306623862918075,0.3190751445086705,0.15953757225433526,0.019206066735070693
1729,HB4_DOWN_2,180.0,182.0,181.0,2.0,56.0,7.483314773547883,0.2589595375722543,0.12947976878612716,0.017302461904156956
1729,HB4_DOWN_2,182.0,184.0,183.0,2.0,52.0,7.211102550927978,0.24046242774566473,0.12023121387283237,0.0166730694819144
1729,HB4_DOWN_2,184.0,186.0,185.0,2.0,30.0,5.477225575051661,0.13872832369942195,0.06936416184971098,0.012664105375841991
1729,HB4_DOWN_2,186.0,188.0,187.0,2.0,78.0,8.831760866327848,0.3606936416184971,0.18034682080924855,0.020420256338330285
1729,HB4_DOWN_2,188.0,190.0,189.0,2.0,55.0,7.416198487095663,0.2543352601156069,0.12716763005780346,0.01714727973894951
1729,HB4_DOWN_2,190.0,192.0,191.0,2.0,59.0,7.681145747868608,0.2728323699421965,0.13641618497109825,0.017759874561545912
1729,HB4_DOWN_2,192.0,194.0,193.0,2.0,62.0,7.874007874011811,0.28670520231213875,0.14335260115606938,0.018205798552628466
1729,HB4_DOWN_2,194.0,196.0,195.0,2.0,47.0,6.855654600401044,0.21734104046242775,0.10867052023121387,0.015851224509597788
1729,HB4_DOWN_2,196.0,198.0,197.0,2.0,85.0,9.219544457292887,0.3930635838150289,0.19653179190751446,0.021316865797208987
1729,HB4_DOWN_2,198.0,200.0,199.0,2.0,57.0,7.54983443527075,0.2635838150289017,0.13179190751445086,0.017456264590221388
1729,HB4_DOWN_2,200.0,202.0,201.0,2.0,99.0,9.9498743710662,0.4578034682080925,0.22890173410404624,0.02300548987529757
1729,HB4_DOWN_2,202.0,204.0,203.0,2.0,54.0,7.3484692283495345,0.24971098265895952,0.12485549132947976,0.01699068029676193
1729,HB4_DOWN_2,204.0,206.0,205.0,2.0,59.0,7.681145747868608,0.2728323699421965,0.13641618497109825,0.017759874561545912
1729,HB4_DOWN_2,206.0,208.0,207.0,2.0,69.0,8.306623862918075,0.3190751445086705,0.15953757225433526,0.019206066735070693
1729,HB4_DOWN_2,208.0,210.0,209.0,2.0,69.0,8.306623862918075,0.3190751445086705,0.15953757225433526,0.019206066735070693
1729,HB4_DOWN_2,210.0,212.0,211.0,2.0,70.0,8.366600265340756,0.3236994219653179,0.16184971098265896,0.0193447404978977
1729,HB4_DOWN_2,212.0,214.0,213.0,2.0,66.0,8.12403840463596,0.30520231213872834,0.15260115606936417,0.018783903825747888
1729,HB4_DOWN_2,214.0,216.0,215.0,2.0,52.0,7.211102550927978,0.24046242774566473,0.12023121387283237,0.0166730694819144
1729,HB4_DOWN_2,216.0,218.0,217.0,2.0,59.0,7.681145747868608,0.2728323699421965,0.13641618497109825,0.017759874561545912
1729,HB4_DOWN_2,218.0,220.0,219.0,2.0,48.0,6.928203230275509,0.22196531791907514,0.11098265895953757,0.01601896700641736
1729,HB4_DOWN_2,220.0,222.0,221.0,2.0,72.0,8.48528137423857,0.3329479768786127,0.16647398843930636,0.01961914768610074
1729,HB4_DOWN_2,222.0,224.0,223.0,2.0,60.0,7.745966692414834,0.2774566473988439,0.13872832369942195,0.017909749577837766
1729,HB4_DOWN_2,224.0,226.0,225.0,2.0,58.0,7.615773105863909,0.2682080924855491,0.13410404624277455,0.017608723944194007
1729,HB4_DOWN_2,226.0,228.0,227.0,2.0,53.0,7.280109889280518,0.24508670520231213,0.12254335260115606,0.016832624021457847
1729,HB4_DOWN_2,228.0,230.0,229.0,2.0,49.0,7.0,0.22658959537572254,0.11329479768786127,0.016184971098265895
1729,HB4_DOWN_2,230.0,232.0,231.0,2.0,65.0,8.06225774829855,0.30057803468208094,0.15028901734104047,0.0186410583775689
1729,HB4_DOWN_2,232.0,234.0,233.0,2.0,65.0,8.06225774829855,0.30057803468208094,0.15028901734104047,0.0186410583775689
1729,HB4_DOWN_2,234.0,236.0,235.0,2.0,48.0,6.928203230275509,0.22196531791907514,0.11098265895953757,0.01601896700641736
1729,HB4_DOWN_2,236.0,238.0,237.0,2.0,54.0,7.3484692283495345,0.24971098265895952,0.12485549132947976,0.01699068029676193
1729,HB4_DOWN_2,238.0,240.0,239.0,2.0,69.0,8.306623862918075,0.3190751445086705,0.15953757225433526,0.019206066735070693
1729,HB4_DOWN_2,240.0,242.0,241.0,2.0,59.0,7.681145747868608,0.2728323699421965,0.13641618497109825,0.017759874561545912
1729,HB4_DOWN_2,242.0,244.0,243.0,2.0,44.0,6.6332495807108,0.20346820809248556,0.10173410404624278,0.015336993250198381
1729,HB4_DOWN_2,244.0,246.0,245.0,2.0,53.0,7.280109889280518,0.24508670520231213,0.12254335260115606,0.016832624021457847
1729,HB4_DOWN_2,246.0,248.0,247.0,2.0,77.0,8.774964387392123,0.3560693641618497,0.17803468208092485,0.020288934999750572
1729,HB4_DOWN_2,248.0,250.0,249.0,2.0,62.0,7.874007874011811,0.28670520231213875,0.14335260115606938,0.018205798552628466
1729,HB4_DOWN_2,250.0,252.0,251.0,2.0,57.0,7.54983443527075,0.2635838150289017,0.13179190751445086,0.017456264590221388
1729,HB4_DOWN_2,252.0,254.0,253.0,2.0,66.0,8.12403840463596,0.30520231213872834,0.15260115606936417,0.018783903825747888
1729,HB4_DOWN_2,254.0,256.0,255.0,2.0,54.0,7.3484692283495345,0.24971098265895952,0.12485549132947976,0.01699068029676193
1729,HB4_DOWN_2,256.0,258.0,257.0,2.0,52.0,7.211102550927978,0.24046242774566473,0.12023121387283237,0.0166730694819144
1729,HB4_DOWN_2,258.0,260.0,259.0,2.0,53.0,7.280109889280518,0.24508670520231213,0.12254335260115606,0.016832624021457847
1729,HB4_DOWN_2,260.0,262.0,261.0,2.0,65.0,8.06225774829855,0.30057803468208094,0.15028901734104047,0.0186410583775689
1729,HB4_DOWN_2,262.0,264.0,263.0,2.0,62.0,7.874007874011811,0.28670520231213875,0.14335260115606938,0.018205798552628466
1729,HB4_DOWN_2,264.0,266.0,265.0,2.0,73.0,8.54400374531753,0.3375722543352601,0.16878612716763006,0.0197549219544914
1729,HB4_DOWN_2,266.0,268.0,267.0,2.0,70.0,8.366600265340756,0.3236994219653179,0.16184971098265896,0.0193447404978977
1729,HB4_DOWN_2,268.0,270.0,269.0,2.0,61.0,7.810249675906654,0.28208092485549136,0.14104046242774568,0.018058380753541395
1729,HB4_DOWN_2,270.0,272.0,271.0,2.0,49.0,7.0,0.22658959537572254,0.11329479768786127,0.016184971098265895
1729,HB4_DOWN_2,272.0,274.0,273.0,2.0,67.0,8.18535277187245,0.30982658959537573,0.15491329479768787,0.018925671148838037
1729,HB4_DOWN_2,274.0,276.0,275.0,2.0,46.0,6.782329983125268,0.21271676300578035,0.10635838150289018,0.015681687822254955
1729,HB4_DOWN_2,276.0,278.0,277.0,2.0,69.0,8.306623862918075,0.3190751445086705,0.15953757225433526,0.019206066735070693
1729,HB4_DOWN_2,278.0,280.0,279.0,2.0,67.0,8.18535277187245,0.30982658959537573,0.15491329479768787,0.018925671148838037
1729,HB4_DOWN_2,280.0,282.0,281.0,2.0,58.0,7.615773105863909,0.2682080924855491,0.13410404624277455,0.017608723944194007
1729,HB4_DOWN_2,282.0,284.0,283.0,2.0,49.0,7.0,0.22658959537572254,0.11329479768786127,0.016184971098265895
1729,HB4_DOWN_2,284.0,286.0,285.0,2.0,30.0,5.477225575051661,0.13872832369942195,0.06936416184971098,0.012664105375841991
1729,HB4_DOWN_2,286.0,288.0,287.0,2.0,57.0,7.54983443527075,0.2635838150289017,0.13179190751445086,0.017456264590221388
1729,HB4_DOWN_2,288.0,290.0,289.0,2.0,60.0,7.745966692414834,0.2774566473988439,0.13872832369942195,0.017909749577837766
1729,HB4_DOWN_2,290.0,292.0,291.0,2.0,69.0,8.306623862918075,0.3190751445086705,0.15953757225433526,0.019206066735070693
1729,HB4_DOWN_2,292.0,294.0,293.0,2.0,65.0,8.06225774829855,0.30057803468208094,0.15028901734104047,0.0186410583775689
1729,HB4_DOWN_2,294.0,296.0,295.0,2.0,64.0,8.0,0.29595375722543354,0.14797687861271677,0.018497109826589597
1729,HB4_DOWN_2,296.0,298.0,297.0,2.0,76.0,8.717797887081348,0.3514450867052023,0.17572254335260115,0.020156758120419303
1729,HB4_DOWN_2,298.0,300.0,299.0,2.0,41.0,6.4031242374328485,0.18959537572254334,0.09479768786127167,0.014804911531636643
1729,HB4_DOWN_2,300.0,302.0,301.0,2.0,71.0,8.426149773176359,0.3283236994219653,0.16416184971098266,0.019482427221217014
1729,HB4_DOWN_2,302.0,304.0,303.0,2.0,59.0,7.681145747868608,0.2728323699421965,0.13641618497109825,0.017759874561545912
1729,HB4_DOWN_2,304.0,306.0,305.0,2.0,57.0,7.54983443527075,0.2635838150289017,0.13179190751445086,0.017456264590221388
1729,HB4_DOWN_2,306.0,308.0,307.0,2.0,74.0,8.602325267042627,0.3421965317919075,0.17109826589595376,0.01988976940356677
1729,HB4_DOWN_2,308.0,310.0,309.0,2.0,60.0,7.745966692414834,0.2774566473988439,0.13872832369942195,0.017909749577837766
1729,HB4_DOWN_2,310.0,312.0,311.0,2.0,50.0,7.0710678118654755,0.23121387283236994,0.11560693641618497,0.016349289738417285
1729,HB4_DOWN_2,312.0,314.0,313.0,2.0,44.0,6.6332495807108,0.20346820809248556,0.10173410404624278,0.015336993250198381
1729,HB4_DOWN_2,314.0,316.0,315.0,2.0,66.0,8.12403840463596,0.30520231213872834,0.15260115606936417,0.018783903825747888
1729,HB4_DOWN_2,316.0,318.0,317.0,2.0,72.0,8.48528137423857,0.3329479768786127,0.16647398843930636,0.01961914768610074
1729,HB4_DOWN_2,318.0,320.0,319.0,2.0,68.0,8.246211251235321,0.31445086705202313,0.15722543352601157,0.019066384395919816
1729,HB4_DOWN_2,320.0,322.0,321.0,2.0,76.0,8.717797887081348,0.3514450867052023,0.17572254335260115,0.020156758120419303
1729,HB4_DOWN_2,322.0,324.0,323.0,2.0,56.0,7.483314773547883,0.2589595375722543,0.12947976878612716,0.017302461904156956
1729,HB4_DOWN_2,324.0,326.0,325.0,2.0,66.0,8.12403840463596,0.30520231213872834,0.15260115606936417,0.018783903825747888
1729,HB4_DOWN_2,326.0,328.0,327.0,2.0,65.0,8.06225774829855,0.30057803468208094,0.15028901734104047,0.0186410583775689
1729,HB4_DOWN_2,328.0,330.0,329.0,2.0,58.0,7.615773105863909,0.2682080924855491,0.13410404624277455,0.017608723944194007
1729,HB4_DOWN_2,330.0,332.0,331.0,2.0,73.0,8.54400374531753,0.3375722543352601,0.16878612716763006,0.0197549219544914
1729,HB4_DOWN_2,332.0,334.0,333.0,2.0,67.0,8.18535277187245,0.30982658959537573,0.15491329479768787,0.018925671148838037
1729,HB4_DOWN_2,334.0,336.0,335.0,2.0,60.0,7.745966692414834,0.2774566473988439,0.13872832369942195,0.017909749577837766
1729,HB4_DOWN_2,336.0,338.0,337.0,2.0,63.0,7.937253933193772,0.29132947976878615,0.14566473988439307,0.01835203221547693
1729,HB4_DOWN_2,338.0,340.0,339.0,2.0,55.0,7.416198487095663,0.2543352601156069,0.12716763005780346,0.01714727973894951
1729,HB4_DOWN_2,340.0,342.0,341.0,2.0,67.0,8.18535277187245,0.30982658959537573,0.15491329479768787,0.018925671148838037
1729,HB4_DOWN_2,342.0,344.0,343.0,2.0,40.0,6.324555320336759,0.18497109826589594,0.09248554913294797,0.014623249295576322
1729,HB4_DOWN_2,344.0,346.0,345.0,2.0,57.0,7.54983443527075,0.2635838150289017,0.13179190751445086,0.017456264590221388
1729,HB4_DOWN_2,346.0,348.0,347.0,2.0,50.0,7.0710678118654755,0.23121387283236994,0.11560693641618497,0.016349289738417285
1729,HB4_DOWN_2,348.0,350.0,349.0,2.0,59.0,7.681145747868608,0.2728323699421965,0.13641618497109825,0.017759874561545912
1729,HB4_DOWN_2,350.0,352.0,351.0,2.0,57.0,7.54983443527075,0.2635838150289017,0.13179190751445086,0.017456264590221388
1729,HB4_DOWN_2,352.0,354.0,353.0,2.0,63.0,7.937253933193772,0.29132947976878615,0.14566473988439307,0.01835203221547693
1729,HB4_DOWN_2,354.0,356.0,355.0,2.0,57.0,7.54983443527075,0.2635838150289017,0.13179190751445086,0.017456264590221388
1729,HB4_DOWN_2,356.0,358.0,357.0,2.0,25.0,5.0,0.11560693641618497,0.057803468208092484,0.011560693641618497
1729,HB4_DOWN_2,358.0,360.0,359.0,2.0,43.0,6.557438524302,0.19884393063583816,0.09942196531791908,0.015161707570640464
1729,HB4_DOWN_2,360.0,362.0,361.0,2.0,51.0,7.14142842854285,0.23583815028901733,0.11791907514450867,0.01651197324518578
1729,HB4_DOWN_2,362.0,364.0,363.0,2.0,43.0,6.557438524302,0.19884393063583816,0.09942196531791908,0.015161707570640464
1729,HB4_DOWN_2,364.0,366.0,365.0,2.0,59.0,7.681145747868608,0.2728323699421965,0.13641618497109825,0.017759874561545912
1729,HB4_DOWN_2,366.0,368.0,367.0,2.0,49.0,7.0,0.22658959537572254,0.11329479768786127,0.016184971098265895
1729,HB4_DOWN_2,368.0,370.0,369.0,2.0,52.0,7.211102550927978,0.24046242774566473,0.12023121387283237,0.0166730694819144
1729,HB4_DOWN_2,370.0,372.0,371.0,2.0,32.0,5.656854249492381,0.14797687861271677,0.07398843930635839,0.013079431790733828
1729,HB4_DOWN_2,372.0,374.0,373.0,2.0,56.0,7.483314773547883,0.2589595375722543,0.12947976878612716,0.017302461904156956
1729,HB4_DOWN_2,374.0,376.0,375.0,2.0,63.0,7.937253933193772,0.29132947976878615,0.14566473988439307,0.01835203221547693
1729,HB4_DOWN_2,376.0,378.0,377.0,2.0,54.0,7.3484692283495345,0.24971098265895952,0.12485549132947976,0.01699068029676193
1729,HB4_DOWN_2,378.0,380.0,379.0,2.0,51.0,7.14142842854285,0.23583815028901733,0.11791907514450867,0.01651197324518578
1729,HB4_DOWN_2,380.0,382.0,381.0,2.0,53.0,7.280109889280518,0.24508670520231213,0.12254335260115606,0.016832624021457847
1729,HB4_DOWN_2,382.0,384.0,383.0,2.0,46.0,6.782329983125268,0.21271676300578035,0.10635838150289018,0.015681687822254955
1729,HB4_DOWN_2,384.0,386.0,385.0,2.0,39.0,6.244997998398398,0.18034682080924855,0.09017341040462427,0.01443930173040092
1729,HB4_DOWN_2,386.0,388.0,387.0,2.0,48.0,6.928203230275509,0.22196531791907514,0.11098265895953757,0.01601896700641736
1729,HB4_DOWN_2,388.0,390.0,389.0,2.0,34.0,5.830951894845301,0.15722543352601157,0.07861271676300578,0.013481969699064279
1729,HB4_DOWN_2,390.0,392.0,391.0,2.0,43.0,6.557438524302,0.19884393063583816,0.09942196531791908,0.015161707570640464
1729,HB4_DOWN_2,392.0,394.0,393.0,2.0,58.0,7.615773105863909,0.2682080924855491,0.13410404624277455,0.017608723944194007
1729,HB4_DOWN_2,394.0,396.0,395.0,2.0,54.0,7.3484692283495345,0.24971098265895952,0.12485549132947976,0.01699068029676193
1729,HB4_DOWN_2,396.0,398.0,397.0,2.0,39.0,6.244997998398398,0.18034682080924855,0.09017341040462427,0.01443930173040092
1729,HB4_DOWN_2,398.0,400.0,399.0,2.0,39.0,6.244997998398398,0.18034682080924855,0.09017341040462427,0.01443930173040092
1729,HB4_DOWN_2,400.0,402.0,401.0,2.0,52.0,7.211102550927978,0.24046242774566473,0.12023121387283237,0.0166730694819144
1729,HB4_DOWN_2,402.0,404.0,403.0,2.0,51.0,7.14142842854285,0.23583815028901733,0.11791907514450867,0.01651197324518578
1729,HB4_DOWN_2,404.0,406.0,405.0,2.0,53.0,7.280109889280518,0.24508670520231213,0.12254335260115606,0.016832624021457847
1729,HB4_DOWN_2,406.0,408.0,407.0,2.0,46.0,6.782329983125268,0.21271676300578035,0.10635838150289018,0.015681687822254955
1729,HB4_DOWN_2,408.0,410.0,409.0,2.0,41.0,6.4031242374328485,0.18959537572254334,0.09479768786127167,0.014804911531636643
1729,HB4_DOWN_2,410.0,412.0,411.0,2.0,44.0,6.6332495807108,0.20346820809248556,0.10173410404624278,0.015336993250198381
1729,HB4_DOWN_2,412.0,414.0,413.0,2.0,34.0,5.830951894845301,0.15722543352601157,0.07861271676300578,0.013481969699064279
1729,HB4_DOWN_2,414.0,416.0,415.0,2.0,60.0,7.745966692414834,0.2774566473988439,0.13872832369942195,0.017909749577837766
1729,HB4_DOWN_2,416.0,418.0,417.0,2.0,54.0,7.3484692283495345,0.24971098265895952,0.12485549132947976,0.01699068029676193
1729,HB4_DOWN_2,418.0,420.0,419.0,2.0,45.0,6.708203932499369,0.20809248554913296,0.10404624277456648,0.015510298109825132
1729,HB4_DOWN_2,420.0,422.0,421.0,2.0,58.0,7.615773105863909,0.2682080924855491,0.13410404624277455,0.017608723944194007
1729,HB4_DOWN_2,422.0,424.0,423.0,2.0,40.0,6.324555320336759,0.18497109826589594,0.09248554913294797,0.014623249295576322
1729,HB4_DOWN_2,424.0,426.0,425.0,2.0,51.0,7.14142842854285,0.23583815028901733,0.11791907514450867,0.01651197324518578
1729,HB4_DOWN_2,426.0,428.0,427.0,2.0,27.0,5.196152422706632,0.12485549132947976,0.06242774566473988,0.012014225254813021
1729,HB4_DOWN_2,428.0,430.0,429.0,2.0,33.0,5.744562646538029,0.15260115606936417,0.07630057803468208,0.013282225772342263
1729,HB4_DOWN_2,430.0,432.0,431.0,2.0,45.0,6.708203932499369,0.20809248554913296,0.10404624277456648,0.015510298109825132
1729,HB4_DOWN_2,432.0,434.0,433.0,2.0,44.0,6.6332495807108,0.20346820809248556,0.10173410404624278,0.015336993250198381
1729,HB4_DOWN_2,434.0,436.0,435.0,2.0,60.0,7.745966692414834,0.2774566473988439,0.13872832369942195,0.017909749577837766
1729,HB4_DOWN_2,436.0,438.0,437.0,2.0,46.0,6.782329983125268,0.21271676300578035,0.10635838150289018,0.015681687822254955
1729,HB4_DOWN_2,438.0,440.0,439.0,2.0,40.0,6.324555320336759,0.18497109826589594,0.09248554913294797,0.014623249295576322
1729,HB4_DOWN_2,440.0,442.0,441.0,2.0,34.0,5.830951894845301,0.15722543352601157,0.07861271676300578,0.013481969699064279
1729,HB4_DOWN_2,442.0,444.0,443.0,2.0,43.0,6.557438524302,0.19884393063583816,0.09942196531791908,0.015161707570640464
1729,HB4_DOWN_2,444.0,446.0,445.0,2.0,60.0,7.745966692414834,0.2774566473988439,0.13872832369942195,0.017909749577837766
1729,HB4_DOWN_2,446.0,448.0,447.0,2.0,35.0,5.916079783099616,0.16184971098265896,0.08092485549132948,0.013678797186357493
1729,HB4_DOWN_2,448.0,450.0,449.0,2.0,46.0,6.782329983125268,0.21271676300578035,0.10635838150289018,0.015681687822254955
1729,HB4_DOWN_2,450.0,452.0,451.0,2.0,60.0,7.745966692414834,0.2774566473988439,0.13872832369942195,0.017909749577837766
1729,HB4_DOWN_2,452.0,454.0,453.0,2.0,44.0,6.6332495807108,0.20346820809248556,0.10173410404624278,0.015336993250198381
1729,HB4_DOWN_2,454.0,456.0,455.0,2.0,47.0,6.855654600401044,0.21734104046242775,0.10867052023121387,0.015851224509597788
1729,HB4_DOWN_2,456.0,458.0,457.0,2.0,34.0,5.830951894845301,0.15722543352601157,0.07861271676300578,0.013481969699064279
1729,HB4_DOWN_2,458.0,460.0,459.0,2.0,54.0,7.3484692283495345,0.24971098265895952,0.12485549132947976,0.01699068029676193
1729,HB4_DOWN_2,460.0,462.0,461.0,2.0,42.0,6.48074069840786,0.19421965317919074,0.09710982658959537,0.014984371557012394
1729,HB4_DOWN_2,462.0,464.0,463.0,2.0,56.0,7.483314773547883,0.2589595375722543,0.12947976878612716,0.017302461904156956
1729,HB4_DOWN_2,464.0,466.0,465.0,2.0,47.0,6.855654600401044,0.21734104046242775,0.10867052023121387,0.015851224509597788
1729,HB4_DOWN_2,466.0,468.0,467.0,2.0,46.0,6.782329983125268,0.21271676300578035,0.10635838150289018,0.015681687822254955
1729,HB4_DOWN_2,468.0,470.0,469.0,2.0,56.0,7.483314773547883,0.2589595375722543,0.12947976878612716,0.017302461904156956
1729,HB4_DOWN_2,470.0,472.0,471.0,2.0,35.0,5.916079783099616,0.16184971098265896,0.08092485549132948,0.013678797186357493
1729,HB4_DOWN_2,472.0,474.0,473.0,2.0,56.0,7.483314773547883,0.2589595375722543,0.12947976878612716,0.017302461904156956
1729,HB4_DOWN_2,474.0,476.0,475.0,2.0,46.0,6.782329983125268,0.21271676300578035,0.10635838150289018,0.015681687822254955
1729,HB4_DOWN_2,476.0,478.0,477.0,2.0,44.0,6.6332495807108,0.20346820809248556,0.10173410404624278,0.015336993250198381
1729,HB4_DOWN_2,478.0,480.0,479.0,2.0,54.0,7.3484692283495345,0.24971098265895952,0.12485549132947976,0.01699068029676193
1729,HB4_DOWN_2,480.0,482.0,481.0,2.0,47.0,6.855654600401044,0.21734104046242775,0.10867052023121387,0.015851224509597788
1729,HB4_DOWN_2,482.0,484.0,483.0,2.0,36.0,6.0,0.16647398843930636,0.08323699421965318,0.013872832369942197
1729,HB4_DOWN_2,484.0,486.0,485.0,2.0,31.0,5.5677643628300215,0.14335260115606938,0.07167630057803469,0.012873443613479819
1729,HB4_DOWN_2,486.0,488.0,487.0,2.0,34.0,5.830951894845301,0.15722543352601157,0.07861271676300578,0.013481969699064279
1729,HB4_DOWN_2,488.0,490.0,489.0,2.0,56.0,7.483314773547883,0.2589595375722543,0.12947976878612716,0.017302461904156956
1729,HB4_DOWN_2,490.0,492.0,491.0,2.0,50.0,7.0710678118654755,0.23121387283236994,0.11560693641618497,0.016349289738417285
1729,HB4_DOWN_2,492.0,494.0,493.0,2.0,54.0,7.3484692283495345,0.24971098265895952,0.12485549132947976,0.01699068029676193
1729,HB4_DOWN_2,494.0,496.0,495.0,2.0,47.0,6.855654600401044,0.21734104046242775,0.10867052023121387,0.015851224509597788
1729,HB4_DOWN_2,496.0,498.0,497.0,2.0,41.0,6.4031242374328485,0.18959537572254334,0.09479768786127167,0.014804911531636643
1729,HB4_DOWN_2,498.0,500.0,499.0,2.0,38.0,6.164414002968976,0.17572254335260115,0.08786127167630058,0.014252980353685494
1729,HB4_DOWN_2,500.0,502.0,501.0,2.0,53.0,7.280109889280518,0.24508670520231213,0.12254335260115606,0.016832624021457847
1729,HB4_DOWN_2,502.0,504.0,503.0,2.0,34.0,5.830951894845301,0.15722543352601157,0.07861271676300578,0.013481969699064279
1729,HB4_DOWN_2,504.0,506.0,505.0,2.0,47.0,6.855654600401044,0.21734104046242775,0.10867052023121387,0.015851224509597788
1729,HB4_DOWN_2,506.0,508.0,507.0,2.0,52.0,7.211102550927978,0.24046242774566473,0.12023121387283237,0.0166730694819144
1729,HB4_DOWN_2,508.0,510.0,509.0,2.0,177.0,13.30413469565007,0.8184971098265896,0.4092485549132948,0.03076100507664756
1729,HB4_DOWN_2,510.0,512.0,511.0,2.0,588.0,24.24871130596428,2.7190751445086705,1.3595375722543352,0.056066384522460766
1729,HB4_DOWN_2,512.0,514.0,513.0,2.0,220.0,14.832396974191326,1.0173410404624277,0.5086705202312138,0.03429455947789902
1729,HB4_DOWN_2,514.0,516.0,515.0,2.0,92.0,9.591663046625438,0.4254335260115607,0.21271676300578035,0.02217725559913396
1729,HB4_DOWN_2,516.0,518.0,517.0,2.0,46.0,6.782329983125268,0.21271676300578035,0.10635838150289018,0.015681687822254955
1729,HB4_DOWN_2,518.0,520.0,519.0,2.0,44.0,6.6332495807108,0.20346820809248556,0.10173410404624278,0.015336993250198381
1729,HB4_DOWN_2,520.0,522.0,521.0,2.0,30.0,5.477225575051661,0.13872832369942195,0.06936416184971098,0.012664105375841991
1729,HB4_DOWN_2,522.0,524.0,523.0,2.0,45.0,6.708203932499369,0.20809248554913296,0.10404624277456648,0.015510298109825132
1729,HB4_DOWN_2,524.0,526.0,525.0,2.0,39.0,6.244997998398398,0.18034682080924855,0.09017341040462427,0.01443930173040092
1729,HB4_DOWN_2,526.0,528.0,527.0,2.0,27.0,5.196152422706632,0.12485549132947976,0.06242774566473988,0.012014225254813021
1729,HB4_DOWN_2,528.0,530.0,529.0,2.0,44.0,6.6332495807108,0.20346820809248556,0.10173410404624278,0.015336993250198381
1729,HB4_DOWN_2,530.0,532.0,531.0,2.0,43.0,6.557438524302,0.19884393063583816,0.09942196531791908,0.015161707570640464
1729,HB4_DOWN_2,532.0,534.0,533.0,2.0,42.0,6.48074069840786,0.19421965317919074,0.09710982658959537,0.014984371557012394
1729,HB4_DOWN_2,534.0,536.0,535.0,2.0,46.0,6.782329983125268,0.21271676300578035,0.10635838150289018,0.015681687822254955
1729,HB4_DOWN_2,536.0,538.0,537.0,2.0,35.0,5.916079783099616,0.16184971098265896,0.08092485549132948,0.013678797186357493
1729,HB4_DOWN_2,538.0,540.0,539.0,2.0,33.0,5.744562646538029,0.15260115606936417,0.07630057803468208,0.013282225772342263
1729,HB4_DOWN_2,540.0,542.0,541.0,2.0,27.0,5.196152422706632,0.12485549132947976,0.06242774566473988,0.012014225254813021
1729,HB4_DOWN_2,542.0,544.0,543.0,2.0,43.0,6.557438524302,0.19884393063583816,0.09942196531791908,0.015161707570640464
1729,HB4_DOWN_2,544.0,546.0,545.0,2.0,43.0,6.557438524302,0.19884393063583816,0.09942196531791908,0.015161707570640464
1729,HB4_DOWN_2,546.0,548.0,547.0,2.0,49.0,7.0,0.22658959537572254,0.11329479768786127,0.016184971098265895
1729,HB4_DOWN_2,548.0,550.0,549.0,2.0,43.0,6.557438524302,0.19884393063583816,0.09942196531791908,0.015161707570640464
1729,HB4_DOWN_2,550.0,552.0,551.0,2.0,34.0,5.830951894845301,0.15722543352601157,0.07861271676300578,0.013481969699064279
1729,HB4_DOWN_2,552.0,554.0,553.0,2.0,33.0,5.744562646538029,0.15260115606936417,0.07630057803468208,0.013282225772342263
1729,HB4_DOWN_2,554.0,556.0,555.0,2.0,26.0,5.0990195135927845,0.12023121387283237,0.06011560693641618,0.01178964049385615
1729,HB4_DOWN_2,556.0,558.0,557.0,2.0,40.0,6.324555320336759,0.18497109826589594,0.09248554913294797,0.014623249295576322
1729,HB4_DOWN_2,558.0,560.0,559.0,2.0,41.0,6.4031242374328485,0.18959537572254334,0.09479768786127167,0.014804911531636643
1729,HB4_DOWN_2,560.0,562.0,561.0,2.0,40.0,6.324555320336759,0.18497109826589594,0.09248554913294797,0.014623249295576322
1729,HB4_DOWN_2,562.0,564.0,563.0,2.0,45.0,6.708203932499369,0.20809248554913296,0.10404624277456648,0.015510298109825132
1729,HB4_DOWN_2,564.0,566.0,565.0,2.0,50.0,7.0710678118654755,0.23121387283236994,0.11560693641618497,0.016349289738417285
1729,HB4_DOWN_2,566.0,568.0,567.0,2.0,36.0,6.0,0.16647398843930636,0.08323699421965318,0.013872832369942197
1729,HB4_DOWN_2,568.0,570.0,569.0,2.0,36.0,6.0,0.16647398843930636,0.08323699421965318,0.013872832369942197
1729,HB4_DOWN_2,570.0,572.0,571.0,2.0,23.0,4.795831523312719,0.10635838150289018,0.05317919075144509,0.01108862779956698
1729,HB4_DOWN_2,572.0,574.0,573.0,2.0,24.0,4.898979485566356,0.11098265895953757,0.055491329479768786,0.011327120197841285
1729,HB4_DOWN_2,574.0,576.0,575.0,2.0,43.0,6.557438524302,0.19884393063583816,0.09942196531791908,0.015161707570640464
1729,HB4_DOWN_2,576.0,578.0,577.0,2.0,50.0,7.0710678118654755,0.23121387283236994,0.11560693641618497,0.016349289738417285
1729,HB4_DOWN_2,578.0,580.0,579.0,2.0,42.0,6.48074069840786,0.19421965317919074,0.09710982658959537,0.014984371557012394
1729,HB4_DOWN_2,580.0,582.0,581.0,2.0,34.0,5.830951894845301,0.15722543352601157,0.07861271676300578,0.013481969699064279
1729,HB4_DOWN_2,582.0,584.0,583.0,2.0,36.0,6.0,0.16647398843930636,0.08323699421965318,0.013872832369942197
1729,HB4_DOWN_2,584.0,586.0,585.0,2.0,23.0,4.795831523312719,0.10635838150289018,0.05317919075144509,0.01108862779956698
1729,HB4_DOWN_2,586.0,588.0,587.0,2.0,41.0,6.4031242374328485,0.18959537572254334,0.09479768786127167,0.014804911531636643
1729,HB4_DOWN_2,588.0,590.0,589.0,2.0,40.0,6.324555320336759,0.18497109826589594,0.09248554913294797,0.014623249295576322
1729,HB4_DOWN_2,590.0,592.0,591.0,2.0,39.0,6.244997998398398,0.18034682080924855,0.09017341040462427,0.01443930173040092
1729,HB4_DOWN_2,592.0,594.0,593.0,2.0,51.0,7.14142842854285,0.23583815028901733,0.11791907514450867,0.01651197324518578
1729,HB4_DOWN_2,594.0,596.0,595.0,2.0,80.0,8.94427190999916,0.3699421965317919,0.18497109826589594,0.02068039747976684
1729,HB4_DOWN_2,596.0,598.0,597.0,2.0,76.0,8.717797887081348,0.3514450867052023,0.17572254335260115,0.020156758120419303
1729,HB4_DOWN_2,598.0,600.0,599.0,2.0,34.0,5.830951894845301,0.15722543352601157,0.07861271676300578,0.013481969699064279
1729,HB4_DOWN_2,600.0,602.0,601.0,2.0,31.0,5.5677643628300215,0.14335260115606938,0.07167630057803469,0.012873443613479819
1729,HB4_DOWN_2,602.0,604.0,603.0,2.0,40.0,6.324555320336759,0.18497109826589594,0.09248554913294797,0.014623249295576322
1729,HB4_DOWN_2,604.0,606.0,605.0,2.0,28.0,5.291502622129181,0.12947976878612716,0.06473988439306358,0.012234688143651286
1729,HB4_DOWN_2,606.0,608.0,607.0,2.0,40.0,6.324555320336759,0.18497109826589594,0.09248554913294797,0.014623249295576322
1729,HB4_DOWN_2,608.0,610.0,609.0,2.0,33.0,5.744562646538029,0.15260115606936417,0.07630057803468208,0.013282225772342263
1729,HB4_DOWN_2,610.0,612.0,611.0,2.0,46.0,6.782329983125268,0.21271676300578035,0.10635838150289018,0.015681687822254955
1729,HB4_DOWN_2,612.0,614.0,613.0,2.0,22.0,4.69041575982343,0.10173410404624278,0.05086705202312139,0.010844891930227583
1729,HB4_DOWN_2,614.0,616.0,615.0,2.0,39.0,6.244997998398398,0.18034682080924855,0.09017341040462427,0.01443930173040092
1729,HB4_DOWN_2,616.0,618.0,617.0,2.0,30.0,5.477225575051661,0.13872832369942195,0.06936416184971098,0.012664105375841991
1729,HB4_DOWN_2,618.0,620.0,619.0,2.0,38.0,6.164414002968976,0.17572254335260115,0.08786127167630058,0.014252980353685494
1729,HB4_DOWN_2,620.0,622.0,621.0,2.0,46.0,6.782329983125268,0.21271676300578035,0.10635838150289018,0.015681687822254955
1729,HB4_DOWN_2,622.0,624.0,623.0,2.0,29.0,5.385164807134504,0.13410404624277455,0.06705202312138728,0.012451248108981511
1729,HB4_DOWN_2,624.0,626.0,625.0,2.0,40.0,6.324555320336759,0.18497109826589594,0.09248554913294797,0.014623249295576322
1729,HB4_DOWN_2,626.0,628.0,627.0,2.0,26.0,5.0990195135927845,0.12023121387283237,0.06011560693641618,0.01178964049385615
1729,HB4_DOWN_2,628.0,630.0,629.0,2.0,31.0,5.5677643628300215,0.14335260115606938,0.07167630057803469,0.012873443613479819
1729,HB4_DOWN_2,630.0,632.0,631.0,2.0,42.0,6.48074069840786,0.19421965317919074,0.09710982658959537,0.014984371557012394
1729,HB4_DOWN_2,632.0,634.0,633.0,2.0,28.0,5.291502622129181,0.12947976878612716,0.06473988439306358,0.012234688143651286
1729,HB4_DOWN_2,634.0,636.0,635.0,2.0,39.0,6.244997998398398,0.18034682080924855,0.09017341040462427,0.01443930173040092
1729,HB4_DOWN_2,636.0,638.0,637.0,2.0,40.0,6.324555320336759,0.18497109826589594,0.09248554913294797,0.014623249295576322
1729,HB4_DOWN_2,638.0,640.0,639.0,2.0,32.0,5.656854249492381,0.14797687861271677,0.07398843930635839,0.013079431790733828
1729,HB4_DOWN_2,640.0,642.0,641.0,2.0,21.0,4.58257569495584,0.09710982658959537,0.048554913294797684,0.010595550739782288
1729,HB4_DOWN_2,642.0,644.0,643.0,2.0,32.0,5.656854249492381,0.14797687861271677,0.07398843930635839,0.013079431790733828
1729,HB4_DOWN_2,644.0,646.0,645.0,2.0,43.0,6.557438524302,0.19884393063583816,0.09942196531791908,0.015161707570640464
1729,HB4_DOWN_2,646.0,648.0,647.0,2.0,38.0,6.164414002968976,0.17572254335260115,0.08786127167630058,0.014252980353685494
1729,HB4_DOWN_2,648.0,650.0,649.0,2.0,41.0,6.4031242374328485,0.18959537572254334,0.09479768786127167,0.014804911531636643
1729,HB4_DOWN_2,650.0,652.0,651.0,2.0,32.0,5.656854249492381,0.14797687861271677,0.07398843930635839,0.013079431790733828
1729,HB4_DOWN_2,652.0,654.0,653.0,2.0,23.0,4.795831523312719,0.10635838150289018,0.05317919075144509,0.01108862779956698
1729,HB4_DOWN_2,654.0,656.0,655.0,2.0,26.0,5.0990195135927845,0.12023121387283237,0.06011560693641618,0.01178964049385615
1729,HB4_DOWN_2,656.0,658.0,657.0,2.0,30.0,5.477225575051661,0.13872832369942195,0.06936416184971098,0.012664105375841991
1729,HB4_DOWN_2,658.0,660.0,659.0,2.0,41.0,6.4031242374328485,0.18959537572254334,0.09479768786127167,0.014804911531636643
1729,HB4_DOWN_2,660.0,662.0,661.0,2.0,25.0,5.0,0.11560693641618497,0.057803468208092484,0.011560693641618497
1729,HB4_DOWN_2,662.0,664.0,663.0,2.0,38.0,6.164414002968976,0.17572254335260115,0.08786127167630058,0.014252980353685494
1729,HB4_DOWN_2,664.0,666.0,665.0,2.0,35.0,5.916079783099616,0.16184971098265896,0.08092485549132948,0.013678797186357493
1729,HB4_DOWN_2,666.0,668.0,667.0,2.0,31.0,5.5677643628300215,0.14335260115606938,0.07167630057803469,0.012873443613479819
1729,HB4_DOWN_2,668.0,670.0,669.0,2.0,27.0,5.196152422706632,0.12485549132947976,0.06242774566473988,0.012014225254813021
1729,HB4_DOWN_2,670.0,672.0,671.0,2.0,35.0,5.916079783099616,0.16184971098265896,0.08092485549132948,0.013678797186357493
1729,HB4_DOWN_2,672.0,674.0,673.0,2.0,39.0,6.244997998398398,0.18034682080924855,0.09017341040462427,0.01443930173040092
1729,HB4_DOWN_2,674.0,676.0,675.0,2.0,24.0,4.898979485566356,0.11098265895953757,0.055491329479768786,0.011327120197841285
1729,HB4_DOWN_2,676.0,678.0,677.0,2.0,35.0,5.916079783099616,0.16184971098265896,0.08092485549132948,0.013678797186357493
1729,HB4_DOWN_2,678.0,680.0,679.0,2.0,31.0,5.5677643628300215,0.14335260115606938,0.07167630057803469,0.012873443613479819
1729,HB4_DOWN_2,680.0,682.0,681.0,2.0,39.0,6.244997998398398,0.18034682080924855,0.09017341040462427,0.01443930173040092
1729,HB4_DOWN_2,682.0,684.0,683.0,2.0,26.0,5.0990195135927845,0.12023121387283237,0.06011560693641618,0.01178964049385615
1729,HB4_DOWN_2,684.0,686.0,685.0,2.0,32.0,5.656854249492381,0.14797687861271677,0.07398843930635839,0.013079431790733828
1729,HB4_DOWN_2,686.0,688.0,687.0,2.0,29.0,5.385164807134504,0.13410404624277455,0.06705202312138728,0.012451248108981511
1729,HB4_DOWN_2,688.0,690.0,689.0,2.0,39.0,6.244997998398398,0.18034682080924855,0.09017341040462427,0.01443930173040092
1729,HB4_DOWN_2,690.0,692.0,691.0,2.0,36.0,6.0,0.16647398843930636,0.08323699421965318,0.013872832369942197
1729,HB4_DOWN_2,692.0,694.0,693.0,2.0,31.0,5.5677643628300215,0.14335260115606938,0.07167630057803469,0.012873443613479819
1729,HB4_DOWN_2,694.0,696.0,695.0,2.0,26.0,5.0990195135927845,0.12023121387283237,0.06011560693641618,0.01178964049385615
1729,HB4_DOWN_2,696.0,698.0,697.0,2.0,33.0,5.744562646538029,0.15260115606936417,0.07630057803468208,0.013282225772342263
1729,HB4_DOWN_2,698.0,700.0,699.0,2.0,26.0,5.0990195135927845,0.12023121387283237,0.06011560693641618,0.01178964049385615
1729,HB4_DOWN_2,700.0,702.0,701.0,2.0,35.0,5.916079783099616,0.16184971098265896,0.08092485549132948,0.013678797186357493
1729,HB4_DOWN_2,702.0,704.0,703.0,2.0,33.0,5.744562646538029,0.15260115606936417,0.07630057803468208,0.013282225772342263
1729,HB4_DOWN_2,704.0,706.0,705.0,2.0,39.0,6.244997998398398,0.18034682080924855,0.09017341040462427,0.01443930173040092
1729,HB4_DOWN_2,706.0,708.0,707.0,2.0,29.0,5.385164807134504,0.13410404624277455,0.06705202312138728,0.012451248108981511
1729,HB4_DOWN_2,708.0,710.0,709.0,2.0,51.0,7.14142842854285,0.23583815028901733,0.11791907514450867,0.01651197324518578
1729,HB4_DOWN_2,710.0,712.0,711.0,2.0,36.0,6.0,0.16647398843930636,0.08323699421965318,0.013872832369942197
1729,HB4_DOWN_2,712.0,714.0,713.0,2.0,18.0,4.242640687119285,0.08323699421965318,0.04161849710982659,0.00980957384305037
1729,HB4_DOWN_2,714.0,716.0,715.0,2.0,23.0,4.795831523312719,0.10635838150289018,0.05317919075144509,0.01108862779956698
1729,HB4_DOWN_2,716.0,718.0,717.0,2.0,33.0,5.744562646538029,0.15260115606936417,0.07630057803468208,0.013282225772342263
1729,HB4_DOWN_2,718.0,720.0,719.0,2.0,31.0,5.5677643628300215,0.14335260115606938,0.07167630057803469,0.012873443613479819
1729,HB4_DOWN_2,720.0,722.0,721.0,2.0,28.0,5.291502622129181,0.12947976878612716,0.06473988439306358,0.012234688143651286
1729,HB4_DOWN_2,722.0,724.0,723.0,2.0,40.0,6.324555320336759,0.18497109826589594,0.09248554913294797,0.014623249295576322
1729,HB4_DOWN_2,724.0,726.0,725.0,2.0,27.0,5.196152422706632,0.12485549132947976,0.06242774566473988,0.012014225254813021
1729,HB4_DOWN_2,726.0,728.0,727.0,2.0,21.0,4.58257569495584,0.09710982658959537,0.048554913294797684,0.010595550739782288
1729,HB4_DOWN_2,728.0,730.0,729.0,2.0,33.0,5.744562646538029,0.15260115606936417,0.07630057803468208,0.013282225772342263
1729,HB4_DOWN_2,730.0,732.0,731.0,2.0,31.0,5.5677643628300215,0.14335260115606938,0.07167630057803469,0.012873443613479819
1729,HB4_DOWN_2,732.0,734.0,733.0,2.0,32.0,5.656854249492381,0.14797687861271677,0.07398843930635839,0.013079431790733828
1729,HB4_DOWN_2,734.0,736.0,735.0,2.0,46.0,6.782329983125268,0.21271676300578035,0.10635838150289018,0.015681687822254955
1729,HB4_DOWN_2,736.0,738.0,737.0,2.0,31.0,5.5677643628300215,0.14335260115606938,0.07167630057803469,0.012873443613479819
1729,HB4_DOWN_2,738.0,740.0,739.0,2.0,36.0,6.0,0.16647398843930636,0.08323699421965318,0.013872832369942197
1729,HB4_DOWN_2,740.0,742.0,741.0,2.0,25.0,5.0,0.11560693641618497,0.057803468208092484,0.011560693641618497
1729,HB4_DOWN_2,742.0,744.0,743.0,2.0,25.0,5.0,0.11560693641618497,0.057803468208092484,0.011560693641618497
1729,HB4_DOWN_2,744.0,746.0,745.0,2.0,30.0,5.477225575051661,0.13872832369942195,0.06936416184971098,0.012664105375841991
1729,HB4_DOWN_2,746.0,748.0,747.0,2.0,32.0,5.656854249492381,0.14797687861271677,0.07398843930635839,0.013079431790733828
1729,HB4_DOWN_2,748.0,750.0,749.0,2.0,31.0,5.5677643628300215,0.14335260115606938,0.07167630057803469,0.012873443613479819
1729,HB4_DOWN_2,750.0,752.0,751.0,2.0,30.0,5.477225575051661,0.13872832369942195,0.06936416184971098,0.012664105375841991
1729,HB4_DOWN_2,752.0,754.0,753.0,2.0,24.0,4.898979485566356,0.11098265895953757,0.055491329479768786,0.011327120197841285
1729,HB4_DOWN_2,754.0,756.0,755.0,2.0,24.0,4.898979485566356,0.11098265895953757,0.055491329479768786,0.011327120197841285
1729,HB4_DOWN_2,756.0,758.0,757.0,2.0,31.0,5.5677643628300215,0.14335260115606938,0.07167630057803469,0.012873443613479819
1729,HB4_DOWN_2,758.0,760.0,759.0,2.0,33.0,5.744562646538029,0.15260115606936417,0.07630057803468208,0.013282225772342263
1729,HB4_DOWN_2,760.0,762.0,761.0,2.0,27.0,5.196152422706632,0.12485549132947976,0.06242774566473988,0.012014225254813021
1729,HB4_DOWN_2,762.0,764.0,763.0,2.0,40.0,6.324555320336759,0.18497109826589594,0.09248554913294797,0.014623249295576322
1729,HB4_DOWN_2,764.0,766.0,765.0,2.0,26.0,5.0990195135927845,0.12023121387283237,0.06011560693641618,0.01178964049385615
1729,HB4_DOWN_2,766.0,768.0,767.0,2.0,26.0,5.0990195135927845,0.12023121387283237,0.06011560693641618,0.01178964049385615
1729,HB4_DOWN_2,768.0,770.0,769.0,2.0,25.0,5.0,0.11560693641618497,0.057803468208092484,0.011560693641618497
1729,HB4_DOWN_2,770.0,772.0,771.0,2.0,42.0,6.48074069840786,0.19421965317919074,0.09710982658959537,0.014984371557012394
1729,HB4_DOWN_2,772.0,774.0,773.0,2.0,25.0,5.0,0.11560693641618497,0.057803468208092484,0.011560693641618497
1729,HB4_DOWN_2,774.0,776.0,775.0,2.0,36.0,6.0,0.16647398843930636,0.08323699421965318,0.013872832369942197
1729,HB4_DOWN_2,776.0,778.0,777.0,2.0,38.0,6.164414002968976,0.17572254335260115,0.08786127167630058,0.014252980353685494
1729,HB4_DOWN_2,778.0,780.0,779.0,2.0,31.0,5.5677643628300215,0.14335260115606938,0.07167630057803469,0.012873443613479819
1729,HB4_DOWN_2,780.0,782.0,781.0,2.0,28.0,5.291502622129181,0.12947976878612716,0.06473988439306358,0.012234688143651286
1729,HB4_DOWN_2,782.0,784.0,783.0,2.0,24.0,4.898979485566356,0.11098265895953757,0.055491329479768786,0.011327120197841285
1729,HB4_DOWN_2,784.0,786.0,785.0,2.0,22.0,4.69041575982343,0.10173410404624278,0.05086705202312139,0.010844891930227583
1729,HB4_DOWN_2,786.0,788.0,787.0,2.0,33.0,5.744562646538029,0.15260115606936417,0.07630057803468208,0.013282225772342263
1729,HB4_DOWN_2,788.0,790.0,789.0,2.0,27.0,5.196152422706632,0.12485549132947976,0.06242774566473988,0.012014225254813021
1729,HB4_DOWN_2,790.0,792.0,791.0,2.0,32.0,5.656854249492381,0.14797687861271677,0.07398843930635839,0.013079431790733828
1729,HB4_DOWN_2,792.0,794.0,793.0,2.0,26.0,5.0990195135927845,0.12023121387283237,0.06011560693641618,0.01178964049385615
1729,HB4_DOWN_2,794.0,796.0,795.0,2.0,28.0,5.291502622129181,0.12947976878612716,0.06473988439306358,0.012234688143651286
1729,HB4_DOWN_2,796.0,798.0,797.0,2.0,24.0,4.898979485566356,0.11098265895953757,0.055491329479768786,0.011327120197841285
1729,HB4_DOWN_2,798.0,800.0,799.0,2.0,38.0,6.164414002968976,0.17572254335260115,0.08786127167630058,0.014252980353685494
1729,HB4_DOWN_2,800.0,802.0,801.0,2.0,28.0,5.291502622129181,0.12947976878612716,0.06473988439306358,0.012234688143651286
1729,HB4_DOWN_2,802.0,804.0,803.0,2.0,26.0,5.0990195135927845,0.12023121387283237,0.06011560693641618,0.01178964049385615
1729,HB4_DOWN_2,804.0,806.0,805.0,2.0,30.0,5.477225575051661,0.13872832369942195,0.06936416184971098,0.012664105375841991
1729,HB4_DOWN_2,806.0,808.0,807.0,2.0,28.0,5.291502622129181,0.12947976878612716,0.06473988439306358,0.012234688143651286
1729,HB4_DOWN_2,808.0,810.0,809.0,2.0,27.0,5.196152422706632,0.12485549132947976,0.06242774566473988,0.012014225254813021
1729,HB4_DOWN_2,810.0,812.0,811.0,2.0,25.0,5.0,0.11560693641618497,0.057803468208092484,0.011560693641618497
1729,HB4_DOWN_2,812.0,814.0,813.0,2.0,17.0,4.123105625617661,0.07861271676300578,0.03930635838150289,0.009533192197959908
1729,HB4_DOWN_2,814.0,816.0,815.0,2.0,27.0,5.196152422706632,0.12485549132947976,0.06242774566473988,0.012014225254813021
1729,HB4_DOWN_2,816.0,818.0,817.0,2.0,22.0,4.69041575982343,0.10173410404624278,0.05086705202312139,0.010844891930227583
1729,HB4_DOWN_2,818.0,820.0,819.0,2.0,30.0,5.477225575051661,0.13872832369942195,0.06936416184971098,0.012664105375841991
1729,HB4_DOWN_2,820.0,822.0,821.0,2.0,34.0,5.830951894845301,0.15722543352601157,0.07861271676300578,0.013481969699064279
1729,HB4_DOWN_2,822.0,824.0,823.0,2.0,30.0,5.477225575051661,0.13872832369942195,0.06936416184971098,0.012664105375841991
1729,HB4_DOWN_2,824.0,826.0,825.0,2.0,27.0,5.196152422706632,0.12485549132947976,0.06242774566473988,0.012014225254813021
1729,HB4_DOWN_2,826.0,828.0,827.0,2.0,23.0,4.795831523312719,0.10635838150289018,0.05317919075144509,0.01108862779956698
1729,HB4_DOWN_2,828.0,830.0,829.0,2.0,24.0,4.898979485566356,0.11098265895953757,0.055491329479768786,0.011327120197841285
1729,HB4_DOWN_2,830.0,832.0,831.0,2.0,27.0,5.196152422706632,0.12485549132947976,0.06242774566473988,0.012014225254813021
1729,HB4_DOWN_2,832.0,834.0,833.0,2.0,34.0,5.830951894845301,0.15722543352601157,0.07861271676300578,0.013481969699064279
1729,HB4_DOWN_2,834.0,836.0,835.0,2.0,24.0,4.898979485566356,0.11098265895953757,0.055491329479768786,0.011327120197841285
1729,HB4_DOWN_2,836.0,838.0,837.0,2.0,33.0,5.744562646538029,0.15260115606936417,0.07630057803468208,0.013282225772342263
1729,HB4_DOWN_2,838.0,840.0,839.0,2.0,26.0,5.0990195135927845,0.12023121387283237,0.06011560693641618,0.01178964049385615
1729,HB4_DOWN_2,840.0,842.0,841.0,2.0,21.0,4.58257569495584,0.09710982658959537,0.048554913294797684,0.010595550739782288
1729,HB4_DOWN_2,842.0,844.0,843.0,2.0,36.0,6.0,0.16647398843930636,0.08323699421965318,0.013872832369942197
1729,HB4_DOWN_2,844.0,846.0,845.0,2.0,27.0,5.196152422706632,0.12485549132947976,0.06242774566473988,0.012014225254813021
1729,HB4_DOWN_2,846.0,848.0,847.0,2.0,23.0,4.795831523312719,0.10635838150289018,0.05317919075144509,0.01108862779956698
1729,HB4_DOWN_2,848.0,850.0,849.0,2.0,27.0,5.196152422706632,0.12485549132947976,0.06242774566473988,0.012014225254813021
1729,HB4_DOWN_2,850.0,852.0,851.0,2.0,26.0,5.0990195135927845,0.12023121387283237,0.06011560693641618,0.01178964049385615
1729,HB4_DOWN_2,852.0,854.0,853.0,2.0,22.0,4.69041575982343,0.10173410404624278,0.05086705202312139,0.010844891930227583
1729,HB4_DOWN_2,854.0,856.0,855.0,2.0,19.0,4.358898943540674,0.08786127167630058,0.04393063583815029,0.010078379060209652
1729,HB4_DOWN_2,856.0,858.0,857.0,2.0,33.0,5.744562646538029,0.15260115606936417,0.07630057803468208,0.013282225772342263
1729,HB4_DOWN_2,858.0,860.0,859.0,2.0,25.0,5.0,0.11560693641618497,0.057803468208092484,0.011560693641618497
1729,HB4_DOWN_2,860.0,862.0,861.0,2.0,31.0,5.5677643628300215,0.14335260115606938,0.07167630057803469,0.012873443613479819
1729,HB4_DOWN_2,862.0,864.0,863.0,2.0,35.0,5.916079783099616,0.16184971098265896,0.08092485549132948,0.013678797186357493
1729,HB4_DOWN_2,864.0,866.0,865.0,2.0,37.0,6.082762530298219,0.17109826589595376,0.08554913294797688,0.014064190821498773
1729,HB4_DOWN_2,866.0,868.0,867.0,2.0,34.0,5.830951894845301,0.15722543352601157,0.07861271676300578,0.013481969699064279
1729,HB4_DOWN_2,868.0,870.0,869.0,2.0,25.0,5.0,0.11560693641618497,0.057803468208092484,0.011560693641618497
1729,HB4_DOWN_2,870.0,872.0,871.0,2.0,31.0,5.5677643628300215,0.14335260115606938,0.07167630057803469,0.012873443613479819
1729,HB4_DOWN_2,872.0,874.0,873.0,2.0,21.0,4.58257569495584,0.09710982658959537,0.048554913294797684,0.010595550739782288
1729,HB4_DOWN_2,874.0,876.0,875.0,2.0,32.0,5.656854249492381,0.14797687861271677,0.07398843930635839,0.013079431790733828
1729,HB4_DOWN_2,876.0,878.0,877.0,2.0,25.0,5.0,0.11560693641618497,0.057803468208092484,0.011560693641618497
1729,HB4_DOWN_2,878.0,880.0,879.0,2.0,21.0,4.58257569495584,0.09710982658959537,0.048554913294797684,0.010595550739782288
1729,HB4_DOWN_2,880.0,882.0,881.0,2.0,25.0,5.0,0.11560693641618497,0.057803468208092484,0.011560693641618497
1729,HB4_DOWN_2,882.0,884.0,883.0,2.0,17.0,4.123105625617661,0.07861271676300578,0.03930635838150289,0.009533192197959908
1729,HB4_DOWN_2,884.0,886.0,885.0,2.0,35.0,5.916079783099616,0.16184971098265896,0.08092485549132948,0.013678797186357493
1729,HB4_DOWN_2,886.0,888.0,887.0,2.0,21.0,4.58257569495584,0.09710982658959537,0.048554913294797684,0.010595550739782288
1729,HB4_DOWN_2,888.0,890.0,889.0,2.0,32.0,5.656854249492381,0.14797687861271677,0.07398843930635839,0.013079431790733828
1729,HB4_DOWN_2,890.0,892.0,891.0,2.0,33.0,5.744562646538029,0.15260115606936417,0.07630057803468208,0.013282225772342263
1729,HB4_DOWN_2,892.0,894.0,893.0,2.0,27.0,5.196152422706632,0.12485549132947976,0.06242774566473988,0.012014225254813021
1729,HB4_DOWN_2,894.0,896.0,895.0,2.0,27.0,5.196152422706632,0.12485549132947976,0.06242774566473988,0.012014225254813021
1729,HB4_DOWN_2,896.0,898.0,897.0,2.0,17.0,4.123105625617661,0.07861271676300578,0.03930635838150289,0.009533192197959908
1729,HB4_DOWN_2,898.0,900.0,899.0,2.0,41.0,6.4031242374328485,0.18959537572254334,0.09479768786127167,0.014804911531636643
1729,HB4_DOWN_2,900.0,902.0,901.0,2.0,24.0,4.898979485566356,0.11098265895953757,0.055491329479768786,0.011327120197841285
1729,HB4_DOWN_2,902.0,904.0,903.0,2.0,28.0,5.291502622129181,0.12947976878612716,0.06473988439306358,0.012234688143651286
1729,HB4_DOWN_2,904.0,906.0,905.0,2.0,26.0,5.0990195135927845,0.12023121387283237,0.06011560693641618,0.01178964049385615
1729,HB4_DOWN_2,906.0,908.0,907.0,2.0,22.0,4.69041575982343,0.10173410404624278,0.05086705202312139,0.010844891930227583
1729,HB4_DOWN_2,908.0,910.0,909.0,2.0,26.0,5.0990195135927845,0.12023121387283237,0.06011560693641618,0.01178964049385615
1729,HB4_DOWN_2,910.0,912.0,911.0,2.0,17.0,4.123105625617661,0.07861271676300578,0.03930635838150289,0.009533192197959908
1729,HB4_DOWN_2,912.0,914.0,913.0,2.0,26.0,5.0990195135927845,0.12023121387283237,0.06011560693641618,0.01178964049385615
1729,HB4_DOWN_2,914.0,916.0,915.0,2.0,19.0,4.358898943540674,0.08786127167630058,0.04393063583815029,0.010078379060209652
1729,HB4_DOWN_2,916.0,918.0,917.0,2.0,24.0,4.898979485566356,0.11098265895953757,0.055491329479768786,0.011327120197841285
1729,HB4_DOWN_2,918.0,920.0,919.0,2.0,39.0,6.244997998398398,0.18034682080924855,0.09017341040462427,0.01443930173040092
1729,HB4_DOWN_2,920.0,922.0,921.0,2.0,28.0,5.291502622129181,0.12947976878612716,0.06473988439306358,0.012234688143651286
1729,HB4_DOWN_2,922.0,924.0,923.0,2.0,28.0,5.291502622129181,0.12947976878612716,0.06473988439306358,0.012234688143651286
1729,HB4_DOWN_2,924.0,926.0,925.0,2.0,21.0,4.58257569495584,0.09710982658959537,0.048554913294797684,0.010595550739782288
1729,HB4_DOWN_2,926.0,928.0,927.0,2.0,40.0,6.324555320336759,0.18497109826589594,0.09248554913294797,0.014623249295576322
1729,HB4_DOWN_2,928.0,930.0,929.0,2.0,24.0,4.898979485566356,0.11098265895953757,0.055491329479768786,0.011327120197841285
1729,HB4_DOWN_2,930.0,932.0,931.0,2.0,21.0,4.58257569495584,0.09710982658959537,0.048554913294797684,0.010595550739782288
1729,HB4_DOWN_2,932.0,934.0,933.0,2.0,25.0,5.0,0.11560693641618497,0.057803468208092484,0.011560693641618497
1729,HB4_DOWN_2,934.0,936.0,935.0,2.0,23.0,4.795831523312719,0.10635838150289018,0.05317919075144509,0.01108862779956698
1729,HB4_DOWN_2,936.0,938.0,937.0,2.0,22.0,4.69041575982343,0.10173410404624278,0.05086705202312139,0.010844891930227583
1729,HB4_DOWN_2,938.0,940.0,939.0,2.0,21.0,4.58257569495584,0.09710982658959537,0.048554913294797684,0.010595550739782288
1729,HB4_DOWN_2,940.0,942.0,941.0,2.0,18.0,4.242640687119285,0.08323699421965318,0.04161849710982659,0.00980957384305037
1729,HB4_DOWN_2,942.0,944.0,943.0,2.0,15.0,3.872983346207417,0.06936416184971098,0.03468208092485549,0.008954874788918883
1729,HB4_DOWN_2,944.0,946.0,945.0,2.0,32.0,5.656854249492381,0.14797687861271677,0.07398843930635839,0.013079431790733828
1729,HB4_DOWN_2,946.0,948.0,947.0,2.0,26.0,5.0990195135927845,0.12023121387283237,0.06011560693641618,0.01178964049385615
1729,HB4_DOWN_2,948.0,950.0,949.0,2.0,26.0,5.0990195135927845,0.12023121387283237,0.06011560693641618,0.01178964049385615
1729,HB4_DOWN_2,950.0,952.0,951.0,2.0,25.0,5.0,0.11560693641618497,0.057803468208092484,0.011560693641618497
1729,HB4_DOWN_2,952.0,954.0,953.0,2.0,27.0,5.196152422706632,0.12485549132947976,0.06242774566473988,0.012014225254813021
1729,HB4_DOWN_2,954.0,956.0,955.0,2.0,22.0,4.69041575982343,0.10173410404624278,0.05086705202312139,0.010844891930227583
1729,HB4_DOWN_2,956.0,958.0,957.0,2.0,29.0,5.385164807134504,0.13410404624277455,0.06705202312138728,0.012451248108981511
1729,HB4_DOWN_2,958.0,960.0,959.0,2.0,28.0,5.291502622129181,0.12947976878612716,0.06473988439306358,0.012234688143651286
1729,HB4_DOWN_2,960.0,962.0,961.0,2.0,26.0,5.0990195135927845,0.12023121387283237,0.06011560693641618,0.01178964049385615
1729,HB4_DOWN_2,962.0,964.0,963.0,2.0,18.0,4.242640687119285,0.08323699421965318,0.04161849710982659,0.00980957384305037
1729,HB4_DOWN_2,964.0,966.0,965.0,2.0,28.0,5.291502622129181,0.12947976878612716,0.06473988439306358,0.012234688143651286
1729,HB4_DOWN_2,966.0,968.0,967.0,2.0,29.0,5.385164807134504,0.13410404624277455,0.06705202312138728,0.012451248108981511
1729,HB4_DOWN_2,968.0,970.0,969.0,2.0,17.0,4.123105625617661,0.07861271676300578,0.03930635838150289,0.009533192197959908
1729,HB4_DOWN_2,970.0,972.0,971.0,2.0,24.0,4.898979485566356,0.11098265895953757,0.055491329479768786,0.011327120197841285
1729,HB4_DOWN_2,972.0,974.0,973.0,2.0,23.0,4.795831523312719,0.10635838150289018,0.05317919075144509,0.01108862779956698
1729,HB4_DOWN_2,974.0,976.0,975.0,2.0,23.0,4.795831523312719,0.10635838150289018,0.05317919075144509,0.01108862779956698
1729,HB4_DOWN_2,976.0,978.0,977.0,2.0,30.0,5.477225575051661,0.13872832369942195,0.06936416184971098,0.012664105375841991
1729,HB4_DOWN_2,978.0,980.0,979.0,2.0,20.0,4.47213595499958,0.09248554913294797,0.046242774566473986,0.01034019873988342
1729,HB4_DOWN_2,980.0,982.0,981.0,2.0,15.0,3.872983346207417,0.06936416184971098,0.03468208092485549,0.008954874788918883
1729,HB4_DOWN_2,982.0,984.0,983.0,2.0,14.0,3.7416573867739413,0.06473988439306358,0.03236994219653179,0.008651230952078478
1729,HB4_DOWN_2,984.0,986.0,985.0,2.0,20.0,4.47213595499958,0.09248554913294797,0.046242774566473986,0.01034019873988342
1729,HB4_DOWN_2,986.0,988.0,987.0,2.0,24.0,4.898979485566356,0.11098265895953757,0.055491329479768786,0.011327120197841285
1729,HB4_DOWN_2,988.0,990.0,989.0,2.0,34.0,5.830951894845301,0.15722543352601157,0.07861271676300578,0.013481969699064279
1729,HB4_DOWN_2,990.0,992.0,991.0,2.0,28.0,5.291502622129181,0.12947976878612716,0.06473988439306358,0.012234688143651286
1729,HB4_DOWN_2,992.0,994.0,993.0,2.0,18.0,4.242640687119285,0.08323699421965318,0.04161849710982659,0.00980957384305037
1729,HB4_DOWN_2,994.0,996.0,995.0,2.0,19.0,4.358898943540674,0.08786127167630058,0.04393063583815029,0.010078379060209652
1729,HB4_DOWN_2,996.0,998.0,997.0,2.0,11.0,3.3166247903554,0.05086705202312139,0.025433526011560695,0.007668496625099191
1729,HB4_DOWN_2,998.0,1000.0,999.0,2.0,26.0,5.0990195135927845,0.12023121387283237,0.06011560693641618,0.01178964049385615
1729,HB4_DOWN_2,1000.0,1010.0,1005.0,10.0,104.0,10.198039027185569,0.48092485549132946,0.048092485549132945,0.00471585619754246
1729,HB4_DOWN_2,1010.0,1020.0,1015.0,10.0,88.0,9.38083151964686,0.4069364161849711,0.04069364161849711,0.004337956772091033
1729,HB4_DOWN_2,1020.0,1030.0,1025.0,10.0,102.0,10.099504938362077,0.47167630057803467,0.047167630057803465,0.004670291300976683
1729,HB4_DOWN_2,1030.0,1040.0,1035.0,10.0,113.0,10.63014581273465,0.522543352601156,0.0522543352601156,0.004915674364270358
1729,HB4_DOWN_2,1040.0,1050.0,1045.0,10.0,121.0,11.0,0.5595375722543353,0.05595375722543353,0.005086705202312139
1729,HB4_DOWN_2,1050.0,1060.0,1055.0,10.0,115.0,10.723805294763608,0.5317919075144508,0.05317919075144508,0.004958985107405137
1729,HB4_DOWN_2,1060.0,1070.0,1065.0,10.0,104.0,10.198039027185569,0.48092485549132946,0.048092485549132945,0.00471585619754246
1729,HB4_DOWN_2,1070.0,1080.0,1075.0,10.0,100.0,10.0,0.4624277456647399,0.046242774566473986,0.004624277456647398
1729,HB4_DOWN_2,1080.0,1090.0,1085.0,10.0,96.0,9.797958971132712,0.4439306358381503,0.04439306358381503,0.004530848079136514
1729,HB4_DOWN_2,1090.0,1100.0,1095.0,10.0,97.0,9.848857801796104,0.4485549132947977,0.04485549132947977,0.004554385110657158
1729,HB4_DOWN_2,1100.0,1110.0,1105.0,10.0,97.0,9.848857801796104,0.4485549132947977,0.04485549132947977,0.004554385110657158
1729,HB4_DOWN_2,1110.0,1120.0,1115.0,10.0,110.0,10.488088481701515,0.5086705202312138,0.05086705202312138,0.0048499831129255565
1729,HB4_DOWN_2,1120.0,1130.0,1125.0,10.0,83.0,9.1104335791443,0.3838150289017341,0.038381502890173405,0.004212917262032046
1729,HB4_DOWN_2,1130.0,1140.0,1135.0,10.0,100.0,10.0,0.4624277456647399,0.046242774566473986,0.004624277456647398
1729,HB4_DOWN_2,1140.0,1150.0,1145.0,10.0,100.0,10.0,0.4624277456647399,0.046242774566473986,0.004624277456647398
1729,HB4_DOWN_2,1150.0,1160.0,1155.0,10.0,87.0,9.327379053088816,0.4023121387283237,0.04023121387283237,0.004313238868480377
1729,HB4_DOWN_2,1160.0,1170.0,1165.0,10.0,94.0,9.695359714832659,0.4346820809248555,0.04346820809248555,0.004483403336338802
1729,HB4_DOWN_2,1170.0,1180.0,1175.0,10.0,101.0,10.04987562112089,0.46705202312138727,0.046705202312138726,0.004647341327685961
1729,HB4_DOWN_2,1180.0,1190.0,1185.0,10.0,91.0,9.539392014169456,0.4208092485549133,0.04208092485549133,0.0044112795441246045
1729,HB4_DOWN_2,1190.0,1200.0,1195.0,10.0,77.0,8.774964387392123,0.3560693641618497,0.03560693641618497,0.004057786999950115
1729,HB4_DOWN_2,1200.0,1210.0,1205.0,10.0,93.0,9.643650760992955,0.4300578034682081,0.04300578034682081,0.004459491681384026
1729,HB4_DOWN_2,1210.0,1220.0,1215.0,10.0,107.0,10.344080432788601,0.49479768786127165,0.049479768786127164,0.00478338979550918
1729,HB4_DOWN_2,1220.0,1230.0,1225.0,10.0,102.0,10.099504938362077,0.47167630057803467,0.047167630057803465,0.004670291300976683
1729,HB4_DOWN_2,1230.0,1240.0,1235.0,10.0,100.0,10.0,0.4624277456647399,0.046242774566473986,0.004624277456647398
1729,HB4_DOWN_2,1240.0,1250.0,1245.0,10.0,116.0,10.770329614269007,0.5364161849710982,0.05364161849710982,0.004980499243592605
1729,HB4_DOWN_2,1250.0,1260.0,1255.0,10.0,88.0,9.38083151964686,0.4069364161849711,0.04069364161849711,0.004337956772091033
1729,HB4_DOWN_2,1260.0,1270.0,1265.0,10.0,82.0,9.055385138137417,0.3791907514450867,0.037919075144508665,0.004187461335554875
1729,HB4_DOWN_2,1270.0,1280.0,1275.0,10.0,85.0,9.219544457292887,0.3930635838150289,0.03930635838150289,0.004263373159441797
1729,HB4_DOWN_2,1280.0,1290.0,1285.0,10.0,82.0,9.055385138137417,0.3791907514450867,0.037919075144508665,0.004187461335554875
1729,HB4_DOWN_2,1290.0,1300.0,1295.0,10.0,112.0,10.583005244258363,0.5179190751445086,0.05179190751445086,0.0048938752574605145
1729,HB4_DOWN_2,1300.0,1310.0,1305.0,10.0,87.0,9.327379053088816,0.4023121387283237,0.04023121387283237,0.004313238868480377
1729,HB4_DOWN_2,1310.0,1320.0,1315.0,10.0,82.0,9.055385138137417,0.3791907514450867,0.037919075144508665,0.004187461335554875
1729,HB4_DOWN_2,1320.0,1330.0,1325.0,10.0,97.0,9.848857801796104,0.4485549132947977,0.04485549132947977,0.004554385110657158
1729,HB4_DOWN_2,1330.0,1340.0,1335.0,10.0,87.0,9.327379053088816,0.4023121387283237,0.04023121387283237,0.004313238868480377
1729,HB4_DOWN_2,1340.0,1350.0,1345.0,10.0,100.0,10.0,0.4624277456647399,0.046242774566473986,0.004624277456647398
1729,HB4_DOWN_2,1350.0,1360.0,1355.0,10.0,81.0,9.0,0.3745664739884393,0.037456647398843926,0.004161849710982659
1729,HB4_DOWN_2,1360.0,1370.0,1365.0,10.0,66.0,8.12403840463596,0.30520231213872834,0.030520231213872834,0.0037567807651495777
1729,HB4_DOWN_2,1370.0,1380.0,1375.0,10.0,82.0,9.055385138137417,0.3791907514450867,0.037919075144508665,0.004187461335554875
1729,HB4_DOWN_2,1380.0,1390.0,1385.0,10.0,55.0,7.416198487095663,0.2543352601156069,0.02543352601156069,0.003429455947789902
1729,HB4_DOWN_2,1390.0,1400.0,1395.0,10.0,66.0,8.12403840463596,0.30520231213872834,0.030520231213872834,0.0037567807651495777
1729,HB4_DOWN_2,1400.0,1410.0,1405.0,10.0,72.0,8.48528137423857,0.3329479768786127,0.03329479768786127,0.003923829537220148
1729,HB4_DOWN_2,1410.0,1420.0,1415.0,10.0,66.0,8.12403840463596,0.30520231213872834,0.030520231213872834,0.0037567807651495777
1729,HB4_DOWN_2,1420.0,1430.0,1425.0,10.0,71.0,8.426149773176359,0.3283236994219653,0.03283236994219653,0.003896485444243403
1729,HB4_DOWN_2,1430.0,1440.0,1435.0,10.0,74.0,8.602325267042627,0.3421965317919075,0.03421965317919075,0.003977953880713354
1729,HB4_DOWN_2,1440.0,1450.0,1445.0,10.0,80.0,8.94427190999916,0.3699421965317919,0.036994219653179186,0.004136079495953368
1729,HB4_DOWN_2,1450.0,1460.0,1455.0,10.0,84.0,9.16515138991168,0.3884393063583815,0.038843930635838145,0.004238220295912915
1729,HB4_DOWN_2,1460.0,1470.0,1465.0,10.0,98.0,9.899494936611665,0.4531791907514451,0.04531791907514451,0.004577801126756839
1729,HB4_DOWN_2,1470.0,1480.0,1475.0,10.0,77.0,8.774964387392123,0.3560693641618497,0.03560693641618497,0.004057786999950115
1729,HB4_DOWN_2,1480.0,1490.0,1485.0,10.0,61.0,7.810249675906654,0.28208092485549136,0.028208092485549136,0.003611676150708279
1729,HB4_DOWN_2,1490.0,1500.0,1495.0,10.0,70.0,8.366600265340756,0.3236994219653179,0.03236994219653179,0.0038689480995795405
1729,HB4_DOWN_2,1500.0,1510.0,1505.0,10.0,68.0,8.246211251235321,0.31445086705202313,0.03144508670520231,0.0038132768791839635
1729,HB4_DOWN_2,1510.0,1520.0,1515.0,10.0,71.0,8.426149773176359,0.3283236994219653,0.03283236994219653,0.003896485444243403
1729,HB4_DOWN_2,1520.0,1530.0,1525.0,10.0,52.0,7.211102550927978,0.24046242774566473,0.024046242774566472,0.00333461389638288
1729,HB4_DOWN_2,1530.0,1540.0,1535.0,10.0,80.0,8.94427190999916,0.3699421965317919,0.036994219653179186,0.004136079495953368
1729,HB4_DOWN_2,1540.0,1550.0,1545.0,10.0,88.0,9.38083151964686,0.4069364161849711,0.04069364161849711,0.004337956772091033
1729,HB4_DOWN_2,1550.0,1560.0,1555.0,10.0,71.0,8.426149773176359,0.3283236994219653,0.03283236994219653,0.003896485444243403
1729,HB4_DOWN_2,1560.0,1570.0,1565.0,10.0,59.0,7.681145747868608,0.2728323699421965,0.02728323699421965,0.0035519749123091825
1729,HB4_DOWN_2,1570.0,1580.0,1575.0,10.0,72.0,8.48528137423857,0.3329479768786127,0.03329479768786127,0.003923829537220148
1729,HB4_DOWN_2,1580.0,1590.0,1585.0,10.0,66.0,8.12403840463596,0.30520231213872834,0.030520231213872834,0.0037567807651495777
1729,HB4_DOWN_2,1590.0,1600.0,1595.0,10.0,53.0,7.280109889280518,0.24508670520231213,0.024508670520231212,0.003366524804291569
1729,HB4_DOWN_2,1600.0,1610.0,1605.0,10.0,64.0,8.0,0.29595375722543354,0.029595375722543355,0.0036994219653179194
1729,HB4_DOWN_2,1610.0,1620.0,1615.0,10.0,73.0,8.54400374531753,0.3375722543352601,0.03375722543352601,0.00395098439089828
1729,HB4_DOWN_2,1620.0,1630.0,1625.0,10.0,68.0,8.246211251235321,0.31445086705202313,0.03144508670520231,0.0038132768791839635
1729,HB4_DOWN_2,1630.0,1640.0,1635.0,10.0,45.0,6.708203932499369,0.20809248554913296,0.020809248554913295,0.0031020596219650262
1729,HB4_DOWN_2,1640.0,1650.0,1645.0,10.0,81.0,9.0,0.3745664739884393,0.037456647398843926,0.004161849710982659
1729,HB4_DOWN_2,1650.0,1660.0,1655.0,10.0,49.0,7.0,0.22658959537572254,0.022658959537572253,0.003236994219653179
1729,HB4_DOWN_2,1660.0,1670.0,1665.0,10.0,62.0,7.874007874011811,0.28670520231213875,0.028670520231213876,0.003641159710525693
1729,HB4_DOWN_2,1670.0,1680.0,1675.0,10.0,63.0,7.937253933193772,0.29132947976878615,0.029132947976878616,0.0036704064430953857
1729,HB4_DOWN_2,1680.0,1690.0,1685.0,10.0,50.0,7.0710678118654755,0.23121387283236994,0.023121387283236993,0.003269857947683457
1729,HB4_DOWN_2,1690.0,1700.0,1695.0,10.0,65.0,8.06225774829855,0.30057803468208094,0.030057803468208095,0.00372821167551378
1729,HB4_DOWN_2,1700.0,1710.0,1705.0,10.0,69.0,8.306623862918075,0.3190751445086705,0.03190751445086705,0.0038412133470141384
1729,HB4_DOWN_2,1710.0,1720.0,1715.0,10.0,49.0,7.0,0.22658959537572254,0.022658959537572253,0.003236994219653179
1729,HB4_DOWN_2,1720.0,1730.0,1725.0,10.0,52.0,7.211102550927978,0.24046242774566473,0.024046242774566472,0.00333461389638288
1729,HB4_DOWN_2,1730.0,1740.0,1735.0,10.0,50.0,7.0710678118654755,0.23121387283236994,0.023121387283236993,0.003269857947683457
1729,HB4_DOWN_2,1740.0,1750.0,1745.0,10.0,53.0,7.280109889280518,0.24508670520231213,0.024508670520231212,0.003366524804291569
1729,HB4_DOWN_2,1750.0,1760.0,1755.0,10.0,45.0,6.708203932499369,0.20809248554913296,0.020809248554913295,0.0031020596219650262
1729,HB4_DOWN_2,1760.0,1770.0,1765.0,10.0,66.0,8.12403840463596,0.30520231213872834,0.030520231213872834,0.0037567807651495777
1729,HB4_DOWN_2,1770.0,1780.0,1775.0,10.0,66.0,8.12403840463596,0.30520231213872834,0.030520231213872834,0.0037567807651495777
1729,HB4_DOWN_2,1780.0,1790.0,1785.0,10.0,56.0,7.483314773547883,0.2589595375722543,0.02589595375722543,0.003460492380831391
1729,HB4_DOWN_2,1790.0,1800.0,1795.0,10.0,57.0,7.54983443527075,0.2635838150289017,0.02635838150289017,0.0034912529180442776
1729,HB4_DOWN_2,1800.0,1810.0,1805.0,10.0,56.0,7.483314773547883,0.2589595375722543,0.02589595375722543,0.003460492380831391
1729,HB4_DOWN_2,1810.0,1820.0,1815.0,10.0,45.0,6.708203932499369,0.20809248554913296,0.020809248554913295,0.0031020596219650262
1729,HB4_DOWN_2,1820.0,1830.0,1825.0,10.0,53.0,7.280109889280518,0.24508670520231213,0.024508670520231212,0.003366524804291569
1729,HB4_DOWN_2,1830.0,1840.0,1835.0,10.0,53.0,7.280109889280518,0.24508670520231213,0.024508670520231212,0.003366524804291569
1729,HB4_DOWN_2,1840.0,1850.0,1845.0,10.0,47.0,6.855654600401044,0.21734104046242775,0.021734104046242774,0.0031702449019195577
1729,HB4_DOWN_2,1850.0,1860.0,1855.0,10.0,54.0,7.3484692283495345,0.24971098265895952,0.02497109826589595,0.003398136059352386
1729,HB4_DOWN_2,1860.0,1870.0,1865.0,10.0,42.0,6.48074069840786,0.19421965317919074,0.019421965317919072,0.002996874311402479
1729,HB4_DOWN_2,1870.0,1880.0,1875.0,10.0,51.0,7.14142842854285,0.23583815028901733,0.023583815028901733,0.003302394649037156
1729,HB4_DOWN_2,1880.0,1890.0,1885.0,10.0,49.0,7.0,0.22658959537572254,0.022658959537572253,0.003236994219653179
1729,HB4_DOWN_2,1890.0,1900.0,1895.0,10.0,48.0,6.928203230275509,0.22196531791907514,0.022196531791907514,0.0032037934012834725
1729,HB4_DOWN_2,1900.0,1910.0,1905.0,10.0,53.0,7.280109889280518,0.24508670520231213,0.024508670520231212,0.003366524804291569
1729,HB4_DOWN_2,1910.0,1920.0,1915.0,10.0,53.0,7.280109889280518,0.24508670520231213,0.024508670520231212,0.003366524804291569
1729,HB4_DOWN_2,1920.0,1930.0,1925.0,10.0,61.0,7.810249675906654,0.28208092485549136,0.028208092485549136,0.003611676150708279
1729,HB4_DOWN_2,1930.0,1940.0,1935.0,10.0,49.0,7.0,0.22658959537572254,0.022658959537572253,0.003236994219653179
1729,HB4_DOWN_2,1940.0,1950.0,1945.0,10.0,44.0,6.6332495807108,0.20346820809248556,0.020346820809248555,0.0030673986500396764
1729,HB4_DOWN_2,1950.0,1960.0,1955.0,10.0,57.0,7.54983443527075,0.2635838150289017,0.02635838150289017,0.0034912529180442776
1729,HB4_DOWN_2,1960.0,1970.0,1965.0,10.0,52.0,7.211102550927978,0.24046242774566473,0.024046242774566472,0.00333461389638288
1729,HB4_DOWN_2,1970.0,1980.0,1975.0,10.0,40.0,6.324555320336759,0.18497109826589594,0.018497109826589593,0.0029246498591152643
1729,HB4_DOWN_2,1980.0,1990.0,1985.0,10.0,45.0,6.708203932499369,0.20809248554913296,0.020809248554913295,0.0031020596219650262
1729,HB4_DOWN_2,1990.0,2000.0,1995.0,10.0,49.0,7.0,0.22658959537572254,0.022658959537572253,0.003236994219653179
1729,HB4_DOWN_2,2000.0,2010.0,2005.0,10.0,52.0,7.211102550927978,0.24046242774566473,0.024046242774566472,0.00333461389638288
1729,HB4_DOWN_2,2010.0,2020.0,2015.0,10.0,50.0,7.0710678118654755,0.23121387283236994,0.023121387283236993,0.003269857947683457
1729,HB4_DOWN_2,2020.0,2030.0,2025.0,10.0,39.0,6.244997998398398,0.18034682080924855,0.018034682080924853,0.002887860346080184
1729,HB4_DOWN_2,2030.0,2040.0,2035.0,10.0,53.0,7.280109889280518,0.24508670520231213,0.024508670520231212,0.003366524804291569
1729,HB4_DOWN_2,2040.0,2050.0,2045.0,10.0,37.0,6.082762530298219,0.17109826589595376,0.017109826589595374,0.0028128381642997546
1729,HB4_DOWN_2,2050.0,2060.0,2055.0,10.0,52.0,7.211102550927978,0.24046242774566473,0.024046242774566472,0.00333461389638288
1729,HB4_DOWN_2,2060.0,2070.0,2065.0,10.0,44.0,6.6332495807108,0.20346820809248556,0.020346820809248555,0.0030673986500396764
1729,HB4_DOWN_2,2070.0,2080.0,2075.0,10.0,29.0,5.385164807134504,0.13410404624277455,0.013410404624277455,0.0024902496217963023
1729,HB4_DOWN_2,2080.0,2090.0,2085.0,10.0,45.0,6.708203932499369,0.20809248554913296,0.020809248554913295,0.0031020596219650262
1729,HB4_DOWN_2,2090.0,2100.0,2095.0,10.0,34.0,5.830951894845301,0.15722543352601157,0.015722543352601155,0.0026963939398128556
1729,HB4_DOWN_2,2100.0,2110.0,2105.0,10.0,40.0,6.324555320336759,0.18497109826589594,0.018497109826589593,0.0029246498591152643
1729,HB4_DOWN_2,2110.0,2120.0,2115.0,10.0,44.0,6.6332495807108,0.20346820809248556,0.020346820809248555,0.0030673986500396764
1729,HB4_DOWN_2,2120.0,2130.0,2125.0,10.0,45.0,6.708203932499369,0.20809248554913296,0.020809248554913295,0.0031020596219650262
1729,HB4_DOWN_2,2130.0,2140.0,2135.0,10.0,48.0,6.928203230275509,0.22196531791907514,0.022196531791907514,0.0032037934012834725
1729,HB4_DOWN_2,2140.0,2150.0,2145.0,10.0,50.0,7.0710678118654755,0.23121387283236994,0.023121387283236993,0.003269857947683457
1729,HB4_DOWN_2,2150.0,2160.0,2155.0,10.0,51.0,7.14142842854285,0.23583815028901733,0.023583815028901733,0.003302394649037156
1729,HB4_DOWN_2,2160.0,2170.0,2165.0,10.0,48.0,6.928203230275509,0.22196531791907514,0.022196531791907514,0.0032037934012834725
1729,HB4_DOWN_2,2170.0,2180.0,2175.0,10.0,46.0,6.782329983125268,0.21271676300578035,0.021271676300578034,0.003136337564450991
1729,HB4_DOWN_2,2180.0,2190.0,2185.0,10.0,43.0,6.557438524302,0.19884393063583816,0.019884393063583816,0.0030323415141280926
1729,HB4_DOWN_2,2190.0,2200.0,2195.0,10.0,37.0,6.082762530298219,0.17109826589595376,0.017109826589595374,0.0028128381642997546
1729,HB4_DOWN_2,2200.0,2210.0,2205.0,10.0,45.0,6.708203932499369,0.20809248554913296,0.020809248554913295,0.0031020596219650262
1729,HB4_DOWN_2,2210.0,2220.0,2215.0,10.0,43.0,6.557438524302,0.19884393063583816,0.019884393063583816,0.0030323415141280926
1729,HB4_DOWN_2,2220.0,2230.0,2225.0,10.0,44.0,6.6332495807108,0.20346820809248556,0.020346820809248555,0.0030673986500396764
1729,HB4_DOWN_2,2230.0,2240.0,2235.0,10.0,37.0,6.082762530298219,0.17109826589595376,0.017109826589595374,0.0028128381642997546
1729,HB4_DOWN_2,2240.0,2250.0,2245.0,10.0,40.0,6.324555320336759,0.18497109826589594,0.018497109826589593,0.0029246498591152643
1729,HB4_DOWN_2,2250.0,2260.0,2255.0,10.0,40.0,6.324555320336759,0.18497109826589594,0.018497109826589593,0.0029246498591152643
1729,HB4_DOWN_2,2260.0,2270.0,2265.0,10.0,41.0,6.4031242374328485,0.18959537572254334,0.018959537572254333,0.0029609823063273285
1729,HB4_DOWN_2,2270.0,2280.0,2275.0,10.0,30.0,5.477225575051661,0.13872832369942195,0.013872832369942195,0.002532821075168398
1729,HB4_DOWN_2,2280.0,2290.0,2285.0,10.0,43.0,6.557438524302,0.19884393063583816,0.019884393063583816,0.0030323415141280926
1729,HB4_DOWN_2,2290.0,2300.0,2295.0,10.0,38.0,6.164414002968976,0.17572254335260115,0.017572254335260114,0.002850596070737099
1729,HB4_DOWN_2,2300.0,2310.0,2305.0,10.0,26.0,5.0990195135927845,0.12023121387283237,0.012023121387283236,0.00235792809877123
1729,HB4_DOWN_2,2310.0,2320.0,2315.0,10.0,40.0,6.324555320336759,0.18497109826589594,0.018497109826589593,0.0029246498591152643
1729,HB4_DOWN_2,2320.0,2330.0,2325.0,10.0,31.0,5.5677643628300215,0.14335260115606938,0.014335260115606938,0.0025746887226959637
1729,HB4_DOWN_2,2330.0,2340.0,2335.0,10.0,27.0,5.196152422706632,0.12485549132947976,0.012485549132947976,0.002402845050962604
1729,HB4_DOWN_2,2340.0,2350.0,2345.0,10.0,42.0,6.48074069840786,0.19421965317919074,0.019421965317919072,0.002996874311402479
1729,HB4_DOWN_2,2350.0,2360.0,2355.0,10.0,43.0,6.557438524302,0.19884393063583816,0.019884393063583816,0.0030323415141280926
1729,HB4_DOWN_2,2360.0,2370.0,2365.0,10.0,37.0,6.082762530298219,0.17109826589595376,0.017109826589595374,0.0028128381642997546
1729,HB4_DOWN_2,2370.0,2380.0,2375.0,10.0,32.0,5.656854249492381,0.14797687861271677,0.014797687861271678,0.0026158863581467657
1729,HB4_DOWN_2,2380.0,2390.0,2385.0,10.0,36.0,6.0,0.16647398843930636,0.016647398843930634,0.0027745664739884392
1729,HB4_DOWN_2,2390.0,2400.0,2395.0,10.0,46.0,6.782329983125268,0.21271676300578035,0.021271676300578034,0.003136337564450991
1729,HB4_DOWN_2,2400.0,2410.0,2405.0,10.0,32.0,5.656854249492381,0.14797687861271677,0.014797687861271678,0.0026158863581467657
1729,HB4_DOWN_2,2410.0,2420.0,2415.0,10.0,38.0,6.164414002968976,0.17572254335260115,0.017572254335260114,0.002850596070737099
1729,HB4_DOWN_2,2420.0,2430.0,2425.0,10.0,36.0,6.0,0.16647398843930636,0.016647398843930634,0.0027745664739884392
1729,HB4_DOWN_2,2430.0,2440.0,2435.0,10.0,49.0,7.0,0.22658959537572254,0.022658959537572253,0.003236994219653179
1729,HB4_DOWN_2,2440.0,2450.0,2445.0,10.0,24.0,4.898979485566356,0.11098265895953757,0.011098265895953757,0.002265424039568257
1729,HB4_DOWN_2,2450.0,2460.0,2455.0,10.0,30.0,5.477225575051661,0.13872832369942195,0.013872832369942195,0.002532821075168398
1729,HB4_DOWN_2,2460.0,2470.0,2465.0,10.0,31.0,5.5677643628300215,0.14335260115606938,0.014335260115606938,0.0025746887226959637
1729,HB4_DOWN_2,2470.0,2480.0,2475.0,10.0,40.0,6.324555320336759,0.18497109826589594,0.018497109826589593,0.0029246498591152643
1729,HB4_DOWN_2,2480.0,2490.0,2485.0,10.0,34.0,5.830951894845301,0.15722543352601157,0.015722543352601155,0.0026963939398128556
1729,HB4_DOWN_2,2490.0,2500.0,2495.0,10.0,35.0,5.916079783099616,0.16184971098265896,0.016184971098265895,0.0027357594372714985
1729,HB4_DOWN_2,2500.0,2510.0,2505.0,10.0,33.0,5.744562646538029,0.15260115606936417,0.015260115606936417,0.0026564451544684527
1729,HB4_DOWN_2,2510.0,2520.0,2515.0,10.0,32.0,5.656854249492381,0.14797687861271677,0.014797687861271678,0.0026158863581467657
1729,HB4_DOWN_2,2520.0,2530.0,2525.0,10.0,29.0,5.385164807134504,0.13410404624277455,0.013410404624277455,0.0024902496217963023
1729,HB4_DOWN_2,2530.0,2540.0,2535.0,10.0,32.0,5.656854249492381,0.14797687861271677,0.014797687861271678,0.0026158863581467657
1729,HB4_DOWN_2,2540.0,2550.0,2545.0,10.0,33.0,5.744562646538029,0.15260115606936417,0.015260115606936417,0.0026564451544684527
1729,HB4_DOWN_2,2550.0,2560.0,2555.0,10.0,30.0,5.477225575051661,0.13872832369942195,0.013872832369942195,0.002532821075168398
1729,HB4_DOWN_2,2560.0,2570.0,2565.0,10.0,34.0,5.830951894845301,0.15722543352601157,0.015722543352601155,0.0026963939398128556
1729,HB4_DOWN_2,2570.0,2580.0,2575.0,10.0,28.0,5.291502622129181,0.12947976878612716,0.012947976878612715,0.0024469376287302573
1729,HB4_DOWN_2,2580.0,2590.0,2585.0,10.0,44.0,6.6332495807108,0.20346820809248556,0.020346820809248555,0.0030673986500396764
1729,HB4_DOWN_2,2590.0,2600.0,2595.0,10.0,35.0,5.916079783099616,0.16184971098265896,0.016184971098265895,0.0027357594372714985
1729,HB4_DOWN_2,2600.0,2610.0,2605.0,10.0,20.0,4.47213595499958,0.09248554913294797,0.009248554913294797,0.002068039747976684
1729,HB4_DOWN_2,2610.0,2620.0,2615.0,10.0,31.0,5.5677643628300215,0.14335260115606938,0.014335260115606938,0.0025746887226959637
1729,HB4_DOWN_2,2620.0,2630.0,2625.0,10.0,23.0,4.795831523312719,0.10635838150289018,0.010635838150289017,0.0022177255599133963
1729,HB4_DOWN_2,2630.0,2640.0,2635.0,10.0,33.0,5.744562646538029,0.15260115606936417,0.015260115606936417,0.0026564451544684527
1729,HB4_DOWN_2,2640.0,2650.0,2645.0,10.0,28.0,5.291502622129181,0.12947976878612716,0.012947976878612715,0.0024469376287302573
1729,HB4_DOWN_2,2650.0,2660.0,2655.0,10.0,27.0,5.196152422706632,0.12485549132947976,0.012485549132947976,0.002402845050962604
1729,HB4_DOWN_2,2660.0,2670.0,2665.0,10.0,32.0,5.656854249492381,0.14797687861271677,0.014797687861271678,0.0026158863581467657
1729,HB4_DOWN_2,2670.0,2680.0,2675.0,10.0,29.0,5.385164807134504,0.13410404624277455,0.013410404624277455,0.0024902496217963023
1729,HB4_DOWN_2,2680.0,2690.0,2685.0,10.0,29.0,5.385164807134504,0.13410404624277455,0.013410404624277455,0.0024902496217963023
1729,HB4_DOWN_2,2690.0,2700.0,2695.0,10.0,17.0,4.123105625617661,0.07861271676300578,0.007861271676300578,0.0019066384395919817
1729,HB4_DOWN_2,2700.0,2710.0,2705.0,10.0,28.0,5.291502622129181,0.12947976878612716,0.012947976878612715,0.0024469376287302573
1729,HB4_DOWN_2,2710.0,2720.0,2715.0,10.0,32.0,5.656854249492381,0.14797687861271677,0.014797687861271678,0.0026158863581467657
1729,HB4_DOWN_2,2720.0,2730.0,2725.0,10.0,29.0,5.385164807134504,0.13410404624277455,0.013410404624277455,0.0024902496217963023
1729,HB4_DOWN_2,2730.0,2740.0,2735.0,10.0,26.0,5.0990195135927845,0.12023121387283237,0.012023121387283236,0.00235792809877123
1729,HB4_DOWN_2,2740.0,2750.0,2745.0,10.0,29.0,5.385164807134504,0.13410404624277455,0.013410404624277455,0.0024902496217963023
1729,HB4_DOWN_2,2750.0,2760.0,2755.0,10.0,34.0,5.830951894845301,0.15722543352601157,0.015722543352601155,0.0026963939398128556
1729,HB4_DOWN_2,2760.0,2770.0,2765.0,10.0,25.0,5.0,0.11560693641618497,0.011560693641618497,0.002312138728323699
1729,HB4_DOWN_2,2770.0,2780.0,2775.0,10.0,33.0,5.744562646538029,0.15260115606936417,0.015260115606936417,0.0026564451544684527
1729,HB4_DOWN_2,2780.0,2790.0,2785.0,10.0,32.0,5.656854249492381,0.14797687861271677,0.014797687861271678,0.0026158863581467657
1729,HB4_DOWN_2,2790.0,2800.0,2795.0,10.0,22.0,4.69041575982343,0.10173410404624278,0.010173410404624278,0.0021689783860455165
1729,HB4_DOWN_2,2800.0,2810.0,2805.0,10.0,31.0,5.5677643628300215,0.14335260115606938,0.014335260115606938,0.0025746887226959637
1729,HB4_DOWN_2,2810.0,2820.0,2815.0,10.0,41.0,6.4031242374328485,0.18959537572254334,0.018959537572254333,0.0029609823063273285
1729,HB4_DOWN_2,2820.0,2830.0,2825.0,10.0,27.0,5.196152422706632,0.12485549132947976,0.012485549132947976,0.002402845050962604
1729,HB4_DOWN_2,2830.0,2840.0,2835.0,10.0,44.0,6.6332495807108,0.20346820809248556,0.020346820809248555,0.0030673986500396764
1729,HB4_DOWN_2,2840.0,2850.0,2845.0,10.0,18.0,4.242640687119285,0.08323699421965318,0.008323699421965317,0.001961914768610074
1729,HB4_DOWN_2,2850.0,2860.0,2855.0,10.0,25.0,5.0,0.11560693641618497,0.011560693641618497,0.002312138728323699
1729,HB4_DOWN_2,2860.0,2870.0,2865.0,10.0,25.0,5.0,0.11560693641618497,0.011560693641618497,0.002312138728323699
1729,HB4_DOWN_2,2870.0,2880.0,2875.0,10.0,37.0,6.082762530298219,0.17109826589595376,0.017109826589595374,0.0028128381642997546
1729,HB4_DOWN_2,2880.0,2890.0,2885.0,10.0,31.0,5.5677643628300215,0.14335260115606938,0.014335260115606938,0.0025746887226959637
1729,HB4_DOWN_2,2890.0,2900.0,2895.0,10.0,21.0,4.58257569495584,0.09710982658959537,0.009710982658959536,0.0021191101479564574
1729,HB4_DOWN_2,2900.0,2910.0,2905.0,10.0,32.0,5.656854249492381,0.14797687861271677,0.014797687861271678,0.0026158863581467657
1729,HB4_DOWN_2,2910.0,2920.0,2915.0,10.0,21.0,4.58257569495584,0.09710982658959537,0.009710982658959536,0.0021191101479564574
1729,HB4_DOWN_2,2920.0,2930.0,2925.0,10.0,34.0,5.830951894845301,0.15722543352601157,0.015722543352601155,0.0026963939398128556
1729,HB4_DOWN_2,2930.0,2940.0,2935.0,10.0,24.0,4.898979485566356,0.11098265895953757,0.011098265895953757,0.002265424039568257
1729,HB4_DOWN_2,2940.0,2950.0,2945.0,10.0,30.0,5.477225575051661,0.13872832369942195,0.013872832369942195,0.002532821075168398
1729,HB4_DOWN_2,2950.0,2960.0,2955.0,10.0,30.0,5.477225575051661,0.13872832369942195,0.013872832369942195,0.002532821075168398
1729,HB4_DOWN_2,2960.0,2970.0,2965.0,10.0,25.0,5.0,0.11560693641618497,0.011560693641618497,0.002312138728323699
1729,HB4_DOWN_2,2970.0,2980.0,2975.0,10.0,29.0,5.385164807134504,0.13410404624277455,0.013410404624277455,0.0024902496217963023
1729,HB4_DOWN_2,2980.0,2990.0,2985.0,10.0,15.0,3.872983346207417,0.06936416184971098,0.006936416184971097,0.0017909749577837766
1729,HB4_DOWN_2,2990.0,3000.0,2995.0,10.0,26.0,5.0990195135927845,0.12023121387283237,0.012023121387283236,0.00235792809877123
1729,HB4_DOWN_2,3000.0,3050.0,3025.0,50.0,106.0,10.295630140987,0.49017341040462425,0.009803468208092485,0.0009521970072589134
1729,HB4_DOWN_2,3050.0,3100.0,3075.0,50.0,110.0,10.488088481701515,0.5086705202312138,0.010173410404624278,0.0009699966225851113
1729,HB4_DOWN_2,3100.0,3150.0,3125.0,50.0,105.0,10.246950765959598,0.48554913294797686,0.009710982658959538,0.0009476948685280554
1729,HB4_DOWN_2,3150.0,3200.0,3175.0,50.0,122.0,11.045361017187261,0.5641618497109827,0.011283236994219655,0.0010215362790462208
1729,HB4_DOWN_2,3200.0,3250.0,3225.0,50.0,103.0,10.14889156509222,0.47630057803468207,0.009526011560693642,0.0009386258094882977
1729,HB4_DOWN_2,3250.0,3300.0,3275.0,50.0,108.0,10.392304845413264,0.49942196531791905,0.009988439306358381,0.0009611380203850417
1729,HB4_DOWN_2,3300.0,3350.0,3325.0,50.0,101.0,10.04987562112089,0.46705202312138727,0.009341040462427746,0.0009294682655371922
1729,HB4_DOWN_2,3350.0,3400.0,3375.0,50.0,106.0,10.295630140987,0.49017341040462425,0.009803468208092485,0.0009521970072589134
1729,HB4_DOWN_2,3400.0,3450.0,3425.0,50.0,108.0,10.392304845413264,0.49942196531791905,0.009988439306358381,0.0009611380203850417
1729,HB4_DOWN_2,3450.0,3500.0,3475.0,50.0,108.0,10.392304845413264,0.49942196531791905,0.009988439306358381,0.0009611380203850417
1729,HB4_DOWN_2,3500.0,3550.0,3525.0,50.0,90.0,9.486832980505138,0.4161849710982659,0.008323699421965319,0.0008773949577345792
1729,HB4_DOWN_2,3550.0,3600.0,3575.0,50.0,107.0,10.344080432788601,0.49479768786127165,0.009895953757225432,0.000956677959101836
1729,HB4_DOWN_2,3600.0,3650.0,3625.0,50.0,86.0,9.273618495495704,0.3976878612716763,0.007953757225433527,0.000857675699005383
1729,HB4_DOWN_2,3650.0,3700.0,3675.0,50.0,78.0,8.831760866327848,0.3606936416184971,0.007213872832369942,0.0008168102535332114
1729,HB4_DOWN_2,3700.0,3750.0,3725.0,50.0,80.0,8.94427190999916,0.3699421965317919,0.007398843930635838,0.0008272158991906736
1729,HB4_DOWN_2,3750.0,3800.0,3775.0,50.0,84.0,9.16515138991168,0.3884393063583815,0.0077687861271676295,0.000847644059182583
1729,HB4_DOWN_2,3800.0,3850.0,3825.0,50.0,90.0,9.486832980505138,0.4161849710982659,0.008323699421965319,0.0008773949577345792
1729,HB4_DOWN_2,3850.0,3900.0,3875.0,50.0,104.0,10.198039027185569,0.48092485549132946,0.009618497109826589,0.000943171239508492
1729,HB4_DOWN_2,3900.0,3950.0,3925.0,50.0,84.0,9.16515138991168,0.3884393063583815,0.0077687861271676295,0.000847644059182583
1729,HB4_DOWN_2,3950.0,4000.0,3975.0,50.0,86.0,9.273618495495704,0.3976878612716763,0.007953757225433527,0.000857675699005383
1729,HB4_DOWN_2,4000.0,4050.0,4025.0,50.0,88.0,9.38083151964686,0.4069364161849711,0.008138728323699423,0.0008675913544182066
1729,HB4_DOWN_2,4050.0,4100.0,4075.0,50.0,101.0,10.04987562112089,0.46705202312138727,0.009341040462427746,0.0009294682655371922
1729,HB4_DOWN_2,4100.0,4150.0,4125.0,50.0,87.0,9.327379053088816,0.4023121387283237,0.008046242774566474,0.0008626477736960754
1729,HB4_DOWN_2,4150.0,4200.0,4175.0,50.0,90.0,9.486832980505138,0.4161849710982659,0.008323699421965319,0.0008773949577345792
1729,HB4_DOWN_2,4200.0,4250.0,4225.0,50.0,85.0,9.219544457292887,0.3930635838150289,0.00786127167630058,0.0008526746318883594
1729,HB4_DOWN_2,4250.0,4300.0,4275.0,50.0,72.0,8.48528137423857,0.3329479768786127,0.006658959537572254,0.0007847659074440295
1729,HB4_DOWN_2,4300.0,4350.0,4325.0,50.0,80.0,8.94427190999916,0.3699421965317919,0.007398843930635838,0.0008272158991906736
1729,HB4_DOWN_2,4350.0,4400.0,4375.0,50.0,71.0,8.426149773176359,0.3283236994219653,0.006566473988439307,0.0007792970888486806
1729,HB4_DOWN_2,4400.0,4450.0,4425.0,50.0,68.0,8.246211251235321,0.31445086705202313,0.006289017341040462,0.0007626553758367927
1729,HB4_DOWN_2,4450.0,4500.0,4475.0,50.0,74.0,8.602325267042627,0.3421965317919075,0.00684393063583815,0.0007955907761426707
1729,HB4_DOWN_2,4500.0,4550.0,4525.0,50.0,61.0,7.810249675906654,0.28208092485549136,0.005641618497109827,0.0007223352301416558
1729,HB4_DOWN_2,4550.0,4600.0,4575.0,50.0,72.0,8.48528137423857,0.3329479768786127,0.006658959537572254,0.0007847659074440295
1729,HB4_DOWN_2,4600.0,4650.0,4625.0,50.0,59.0,7.681145747868608,0.2728323699421965,0.00545664739884393,0.0007103949824618365
1729,HB4_DOWN_2,4650.0,4700.0,4675.0,50.0,72.0,8.48528137423857,0.3329479768786127,0.006658959537572254,0.0007847659074440295
1729,HB4_DOWN_2,4700.0,4750.0,4725.0,50.0,61.0,7.810249675906654,0.28208092485549136,0.005641618497109827,0.0007223352301416558
1729,HB4_DOWN_2,4750.0,4800.0,4775.0,50.0,58.0,7.615773105863909,0.2682080924855491,0.005364161849710982,0.0007043489577677603
1729,HB4_DOWN_2,4800.0,4850.0,4825.0,50.0,51.0,7.14142842854285,0.23583815028901733,0.004716763005780346,0.0006604789298074312
1729,HB4_DOWN_2,4850.0,4900.0,4875.0,50.0,60.0,7.745966692414834,0.2774566473988439,0.0055491329479768784,0.0007163899831135106
1729,HB4_DOWN_2,4900.0,4950.0,4925.0,50.0,70.0,8.366600265340756,0.3236994219653179,0.006473988439306359,0.0007737896199159081
1729,HB4_DOWN_2,4950.0,5000.0,4975.0,50.0,62.0,7.874007874011811,0.28670520231213875,0.005734104046242775,0.0007282319421051387
1729,HB4_DOWN_2,5000.0,5050.0,5025.0,50.0,54.0,7.3484692283495345,0.24971098265895952,0.004994219653179191,0.0006796272118704771
1729,HB4_DOWN_2,5050.0,5100.0,5075.0,50.0,54.0,7.3484692283495345,0.24971098265895952,0.004994219653179191,0.0006796272118704771
1729,HB4_DOWN_2,5100.0,5150.0,5125.0,50.0,47.0,6.855654600401044,0.21734104046242775,0.004346820809248555,0.0006340489803839115
1729,HB4_DOWN_2,5150.0,5200.0,5175.0,50.0,46.0,6.782329983125268,0.21271676300578035,0.004254335260115607,0.0006272675128901982
1729,HB4_DOWN_2,5200.0,5250.0,5225.0,50.0,51.0,7.14142842854285,0.23583815028901733,0.004716763005780346,0.0006604789298074312
1729,HB4_DOWN_2,5250.0,5300.0,5275.0,50.0,56.0,7.483314773547883,0.2589595375722543,0.005179190751445086,0.0006920984761662782
1729,HB4_DOWN_2,5300.0,5350.0,5325.0,50.0,63.0,7.937253933193772,0.29132947976878615,0.005826589595375723,0.0007340812886190771
1729,HB4_DOWN_2,5350.0,5400.0,5375.0,50.0,55.0,7.416198487095663,0.2543352601156069,0.005086705202312139,0.0006858911895579804
1729,HB4_DOWN_2,5400.0,5450.0,5425.0,50.0,65.0,8.06225774829855,0.30057803468208094,0.006011560693641619,0.0007456423351027559
1729,HB4_DOWN_2,5450.0,5500.0,5475.0,50.0,50.0,7.0710678118654755,0.23121387283236994,0.004624277456647399,0.0006539715895366914
1729,HB4_DOWN_2,5500.0,5550.0,5525.0,50.0,62.0,7.874007874011811,0.28670520231213875,0.005734104046242775,0.0007282319421051387
1729,HB4_DOWN_2,5550.0,5600.0,5575.0,50.0,66.0,8.12403840463596,0.30520231213872834,0.006104046242774567,0.0007513561530299155
1729,HB4_DOWN_2,5600.0,5650.0,5625.0,50.0,54.0,7.3484692283495345,0.24971098265895952,0.004994219653179191,0.0006796272118704771
1729,HB4_DOWN_2,5650.0,5700.0,5675.0,50.0,58.0,7.615773105863909,0.2682080924855491,0.005364161849710982,0.0007043489577677603
1729,HB4_DOWN_2,5700.0,5750.0,5725.0,50.0,53.0,7.280109889280518,0.24508670520231213,0.004901734104046243,0.0006733049608583139
1729,HB4_DOWN_2,5750.0,5800.0,5775.0,50.0,57.0,7.54983443527075,0.2635838150289017,0.005271676300578034,0.0006982505836088556
1729,HB4_DOWN_2,5800.0,5850.0,5825.0,50.0,42.0,6.48074069840786,0.19421965317919074,0.0038843930635838147,0.0005993748622804958
1729,HB4_DOWN_2,5850.0,5900.0,5875.0,50.0,49.0,7.0,0.22658959537572254,0.004531791907514451,0.0006473988439306358
1729,HB4_DOWN_2,5900.0,5950.0,5925.0,50.0,58.0,7.615773105863909,0.2682080924855491,0.005364161849710982,0.0007043489577677603
1729,HB4_DOWN_2,5950.0,6000.0,5975.0,50.0,46.0,6.782329983125268,0.21271676300578035,0.004254335260115607,0.0006272675128901982
1729,HB4_DOWN_2,6000.0,6050.0,6025.0,50.0,52.0,7.211102550927978,0.24046242774566473,0.0048092485549132945,0.000666922779276576
1729,HB4_DOWN_2,6050.0,6100.0,6075.0,50.0,38.0,6.164414002968976,0.17572254335260115,0.003514450867052023,0.0005701192141474197
1729,HB4_DOWN_2,6100.0,6150.0,6125.0,50.0,40.0,6.324555320336759,0.18497109826589594,0.003699421965317919,0.0005849299718230529
1729,HB4_DOWN_2,6150.0,6200.0,6175.0,50.0,43.0,6.557438524302,0.19884393063583816,0.003976878612716763,0.0006064683028256185
1729,HB4_DOWN_2,6200.0,6250.0,6225.0,50.0,32.0,5.656854249492381,0.14797687861271677,0.0029595375722543354,0.0005231772716293531
1729,HB4_DOWN_2,6250.0,6300.0,6275.0,50.0,33.0,5.744562646538029,0.15260115606936417,0.0030520231213872835,0.0005312890308936905
1729,HB4_DOWN_2,6300.0,6350.0,6325.0,50.0,26.0,5.0990195135927845,0.12023121387283237,0.0024046242774566472,0.000471585619754246
1729,HB4_DOWN_2,6350.0,6400.0,6375.0,50.0,44.0,6.6332495807108,0.20346820809248556,0.004069364161849711,0.0006134797300079353
1729,HB4_DOWN_2,6400.0,6450.0,6425.0,50.0,49.0,7.0,0.22658959537572254,0.004531791907514451,0.0006473988439306358
1729,HB4_DOWN_2,6450.0,6500.0,6475.0,50.0,47.0,6.855654600401044,0.21734104046242775,0.004346820809248555,0.0006340489803839115
1729,HB4_DOWN_2,6500.0,6550.0,6525.0,50.0,41.0,6.4031242374328485,0.18959537572254334,0.0037919075144508666,0.0005921964612654657
1729,HB4_DOWN_2,6550.0,6600.0,6575.0,50.0,31.0,5.5677643628300215,0.14335260115606938,0.0028670520231213873,0.0005149377445391928
1729,HB4_DOWN_2,6600.0,6650.0,6625.0,50.0,72.0,8.48528137423857,0.3329479768786127,0.006658959537572254,0.0007847659074440295
1729,HB4_DOWN_2,6650.0,6700.0,6675.0,50.0,36.0,6.0,0.16647398843930636,0.003329479768786127,0.0005549132947976879
1729,HB4_DOWN_2,6700.0,6750.0,6725.0,50.0,33.0,5.744562646538029,0.15260115606936417,0.0030520231213872835,0.0005312890308936905
1729,HB4_DOWN_2,6750.0,6800.0,6775.0,50.0,48.0,6.928203230275509,0.22196531791907514,0.004439306358381503,0.0006407586802566945
1729,HB4_DOWN_2,6800.0,6850.0,6825.0,50.0,42.0,6.48074069840786,0.19421965317919074,0.0038843930635838147,0.0005993748622804958
1729,HB4_DOWN_2,6850.0,6900.0,6875.0,50.0,50.0,7.0710678118654755,0.23121387283236994,0.004624277456647399,0.0006539715895366914
1729,HB4_DOWN_2,6900.0,6950.0,6925.0,50.0,42.0,6.48074069840786,0.19421965317919074,0.0038843930635838147,0.0005993748622804958
1729,HB4_DOWN_2,6950.0,7000.0,6975.0,50.0,30.0,5.477225575051661,0.13872832369942195,0.0027745664739884392,0.0005065642150336797
1729,HB4_DOWN_2,7000.0,7200.0,7100.0,200.0,169.0,13.0,0.7815028901734105,0.003907514450867052,0.0003005780346820809
1729,HB4_DOWN_2,7200.0,7400.0,7300.0,200.0,92.0,9.591663046625438,0.4254335260115607,0.0021271676300578034,0.0002217725559913396
1729,HB4_DOWN_2,7400.0,7600.0,7500.0,200.0,49.0,7.0,0.22658959537572254,0.0011329479768786128,0.00016184971098265894
1729,HB4_DOWN_2,7600.0,7800.0,7700.0,200.0,71.0,8.426149773176359,0.3283236994219653,0.0016416184971098267,0.00019482427221217014
1729,HB4_DOWN_2,7800.0,8000.0,7900.0,200.0,21.0,4.58257569495584,0.09710982658959537,0.00048554913294797684,0.00010595550739782288
1729,HB4_DOWN_2,8000.0,8200.0,8100.0,200.0,15.0,3.872983346207417,0.06936416184971098,0.0003468208092485549,8.954874788918883e-05
1729,HB4_DOWN_2,8200.0,8400.0,8300.0,200.0,22.0,4.69041575982343,0.10173410404624278,0.0005086705202312139,0.00010844891930227583
1729,HB4_DOWN_2,8400.0,8600.0,8500.0,200.0,21.0,4.58257569495584,0.09710982658959537,0.00048554913294797684,0.00010595550739782288
1729,HB4_DOWN_2,8600.0,8800.0,8700.0,200.0,17.0,4.123105625617661,0.07861271676300578,0.0003930635838150289,9.533192197959908e-05
1729,HB4_DOWN_2,8800.0,9000.0,8900.0,200.0,8.0,2.8284271247461903,0.03699421965317919,0.00018497109826589596,6.539715895366914e-05
1729,HB4_DOWN_2,9000.0,9200.0,9100.0,200.0,10.0,3.1622776601683795,0.046242774566473986,0.00023121387283236994,7.311624647788161e-05
1729,HB4_DOWN_2,9200.0,9400.0,9300.0,200.0,6.0,2.449489742783178,0.027745664739884393,0.00013872832369942197,5.663560098920642e-05
1729,HB4_DOWN_2,9400.0,9600.0,9500.0,200.0,0.0,0.0,0.0,0.0,0.0
1729,HB4_DOWN_2,9600.0,9800.0,9700.0,200.0,0.0,0.0,0.0,0.0,0.0
1729,HB4_DOWN_2,9800.0,10000.0,9900.0,200.0,0.0,0.0,0.0,0.0,0.0
1729,HB4_DOWN_2,10000.0,10200.0,10100.0,200.0,0.0,0.0,0.0,0.0,0.0
1729,HB4_DOWN_2,10200.0,10400.0,10300.0,200.0,2.0,1.4142135623730951,0.009248554913294798,4.624277456647399e-05,3.269857947683457e-05
1729,HB4_DOWN_2,10400.0,10600.0,10500.0,200.0,0.0,0.0,0.0,0.0,0.0
1729,HB4_DOWN_2,10600.0,10800.0,10700.0,200.0,1.0,1.0,0.004624277456647399,2.3121387283236996e-05,2.3121387283236996e-05
1729,HB4_DOWN_2,10800.0,11000.0,10900.0,200.0,0.0,0.0,0.0,0.0,0.0
1729,HB4_DOWN_2,11000.0,11200.0,11100.0,200.0,0.0,0.0,0.0,0.0,0.0
1729,HB4_DOWN_2,11200.0,11400.0,11300.0,200.0,1.0,1.0,0.004624277456647399,2.3121387283236996e-05,2.3121387283236996e-05
