scenario,location,band_keV,published,v1.2.1_browser,v1.2.2_browser,a_rel,b_rel,total_rel,LT_factor_rel,b_minus_LT
isotropic,MIF on,40-200,0.16096914886158584,3.5112860202789307,3.656238317489624,20.813409868360647,0.04128182562558047,21.71390725084563,0.02199907578778859,0.01928274983779188
isotropic,MIF on,0.2-1,8e-08,7.999999951380232e-08,7.999999951380232e-08,-6.07747097092215e-09,0.0,-6.07747097092215e-09,0.02199907578778859,-0.02199907578778859
isotropic,MIF on,0.21-1,7.9e-08,7.900000298377563e-08,7.900000298377563e-08,3.7769311678204076e-08,0.0,3.7769311678204076e-08,0.02199907578778859,-0.02199907578778859
isotropic,MIF on,1-6,1.47994261793548,1.4791827201843262,1.511687159538269,-0.0005134643343225331,0.02197459374720956,0.021449846242736603,0.02199907578778859,-2.448204057903247e-05
isotropic,MIF on,6-11.5,2.1731774033080002,2.173509359359741,2.22137451171875,0.00015275147405624523,0.02202205946474911,0.022178174840850273,0.02199907578778859,2.2983676960519617e-05
isotropic,MIF on,7.6-7.7,0.12309032170000002,0.1120656281709671,0.11496441811323166,-0.08956588443974234,0.025866895939245182,-0.06601577991300644,0.02199907578778859,0.0038678201514565913
isotropic,MIF off,40-200,122.5848694256041,121.96131134033203,122.30216217041016,-0.005086745927077918,0.002794745533089449,-0.002306216554446072,0.003291641303670545,-0.0004968957705810961
isotropic,MIF off,0.2-1,1.6904622823539999,1.6226403713226318,1.6279962062835693,-0.04012033379231905,0.003300691302640324,-0.03695206732648615,0.003291641303670545,9.049998969778983e-06
isotropic,MIF off,0.21-1,1.69033070967,1.622183084487915,1.6275373697280884,-0.04031614925542548,0.0033006664237678063,-0.03714855299184061,0.003291641303670545,9.025120097261308e-06
isotropic,MIF off,1-6,0.82186006382138,0.8220916390419006,0.8247974514961243,0.00028176964755277645,0.003291375712538791,0.003574072769865877,0.003291641303670545,-2.6559113175395055e-07
isotropic,MIF off,6-11.5,0.00116314374301,0.0011612658854573965,0.00116508430801332,-0.0016144673123065223,0.003288155282732186,0.001668379351204008,0.003291641303670545,-3.4860209383591467e-06
isotropic,MIF off,7.6-7.7,2.2211865110000002e-05,2.159371433663182e-05,2.166476951970253e-05,-0.027829755417066893,0.0032905493683490494,-0.024630781232826915,0.003291641303670545,-1.0919353214955407e-06
isotropic,Shield Center,40-200,5.701488528556,5.463583469390869,5.474305629730225,-0.04172683290926216,0.001962477630190085,-0.039846243255235225,0.001996342769009285,-3.386513881920017e-05
isotropic,Shield Center,0.2-1,0.275757302901,0.2796240746974945,0.2801823318004608,0.014022373136869382,0.001996455790046925,0.016046823974955604,0.001996342769009285,1.1302103763988214e-07
isotropic,Shield Center,0.21-1,0.221848680201,0.22431699931621552,0.22476482391357422,0.011126138379453865,0.0019963917078233973,0.01314474221767803,0.001996342769009285,4.8938814112275963e-08
isotropic,Shield Center,1-6,0.15522865328000002,0.1552596390247345,0.15556958317756653,0.0001996135641182395,0.0019962957197308118,0.0021963077715525525,0.001996342769009285,-4.7049278473210165e-08
isotropic,Shield Center,6-11.5,0.0417319937108,0.041754864156246185,0.04183822125196457,0.0005480314600994074,0.0019963445553663473,0.0025454700750873194,0.001996342769009285,1.786357062272259e-09
isotropic,Shield Center,7.6-7.7,0.0021850271599999998,0.0022102314978837967,0.002214643871411681,0.011535022696833153,0.0019963399906792745,0.0135543905146156,0.001996342769009285,-2.7783300104999853e-09
isotropic,HB4,40-200,17.6450861503111,17.645090103149414,17.862686157226562,2.2401921295767124e-07,0.01233181881220946,0.012332045593986818,0.014011229152743443,-0.0016794103405339822
isotropic,HB4,0.2-1,0.5923458967326385,0.5923458337783813,0.6024408936500549,-1.0627955304709502e-07,0.017042510128383093,0.01704240203755969,0.014011229152743443,0.0030312809756396497
isotropic,HB4,0.21-1,0.4718820155326385,0.4718819260597229,0.4802258610725403,-1.8960865777462033e-07,0.017682251749903566,0.01768205878853779,0.014011229152743443,0.003671022597160123
isotropic,HB4,1-6,1.4062474988526,1.4062474966049194,1.4258759021759033,-1.5983534495944696e-09,0.013958002142846482,0.0139580005221831,0.014011229152743443,-5.3227009896961164e-05
isotropic,HB4,6-11.5,0.9252269208336,0.9252269268035889,0.9382007122039795,6.452459011541123e-09,0.014022273914153782,0.014022280457091085,0.014011229152743443,1.1044761410339277e-05
isotropic,HB4,7.6-7.7,0.33803220850000004,0.33803221583366394,0.3431002199649811,2.1695162999435524e-08,0.014992666065328342,0.01499268808575982,0.014011229152743443,0.0009814369125848987
isotropic,East 18,40-200,7.192599644719999,5.224583625793457,5.237313270568848,-0.2736167889410108,0.0024364898118474088,-0.2718469636477686,0.0024937406277016905,-5.725081585428171e-05
isotropic,East 18,0.2-1,0.33539003582,0.3500119745731354,0.35088497400283813,0.04359681920002778,0.002494198750678356,0.04619975708268842,0.0024937406277016905,4.5812297666536494e-07
isotropic,East 18,0.21-1,0.28766078182,0.29792702198028564,0.29867011308670044,0.03568870283718284,0.002494205129415672,0.03827192291227721,0.0024937406277016905,4.645017139814911e-07
isotropic,East 18,1-6,0.29585877703999997,0.2958278954029083,0.29656559228897095,-0.00010437965505227798,0.002493669114800312,0.002389029171425916,0.0024937406277016905,-7.151290137841215e-08
isotropic,East 18,6-11.5,0.07577093977800001,0.07581084221601486,0.07599989324808121,0.0005266192834847416,0.0024937202455510565,0.003021652770204497,0.0024937406277016905,-2.0382150633935225e-08
isotropic,East 18,7.6-7.7,0.0059799866400000005,0.006015651393681765,0.006030653603374958,0.0059640189566985136,0.002493862877252173,0.008472755279426147,0.0024937406277016905,1.2224955048267816e-07
isotropic,East 1,40-200,8.44748825563,8.447488784790039,8.475057601928711,6.264110963272174e-08,0.003263551789297381,0.0032636146348397066,0.003380302374978106,-0.00011675058568072494
isotropic,East 1,0.2-1,0.8523639074390001,0.8523638248443604,0.8552416563034058,-9.690067714895889e-08,0.0033762946938427074,0.0033761974660002636,0.003380302374978106,-4.0076811353984e-06
isotropic,East 1,0.21-1,0.785130012439,0.7851299047470093,0.7877802848815918,-1.3716453206580326e-07,0.003375721799103504,0.0033755841715421564,0.003380302374978106,-4.580575874602033e-06
isotropic,East 1,1-6,0.41785697309000003,0.41785693168640137,0.41926953196525574,-9.908557552229524e-08,0.003380583572356599,0.0033804841518139117,0.003380302374978106,2.8119737849330306e-07
isotropic,East 1,6-11.5,0.1070378875103,0.10703788697719574,0.10739974677562714,-4.980519219266455e-09,0.0033806702341618866,0.003380665236805136,0.003380302374978106,3.678591837807943e-07
isotropic,East 1,7.6-7.7,0.01945475295,0.019454753026366234,0.01952052116394043,3.9253251760129615e-09,0.003380569133160538,0.0033805730717555438,0.003380302374978106,2.6675818243226956e-07
isotropic,PROSPECT_DOWN,40-200,,5.877913475036621,5.877913475036621,,0.0,,0.0,0.0
isotropic,PROSPECT_DOWN,0.2-1,,0.3172098398208618,0.3172098398208618,,0.0,,0.0,0.0
isotropic,PROSPECT_DOWN,0.21-1,,0.28258219361305237,0.28258219361305237,,0.0,,0.0,0.0
isotropic,PROSPECT_DOWN,1-6,,0.20245151221752167,0.20245151221752167,,0.0,,0.0,0.0
isotropic,PROSPECT_DOWN,6-11.5,,0.04727654904127121,0.04727654904127121,,0.0,,0.0,0.0
isotropic,PROSPECT_DOWN,7.6-7.7,,0.0020035449415445328,0.0020035449415445328,,0.0,,0.0,0.0
isotropic,NE_EAST,40-200,,6.508997917175293,6.508997917175293,,0.0,,0.0,0.0
isotropic,NE_EAST,0.2-1,,0.28926628828048706,0.28926628828048706,,0.0,,0.0,0.0
isotropic,NE_EAST,0.21-1,,0.24463719129562378,0.24463719129562378,,0.0,,0.0,0.0
isotropic,NE_EAST,1-6,,0.2113971710205078,0.2113971710205078,,0.0,,0.0,0.0
isotropic,NE_EAST,6-11.5,,0.04245411232113838,0.04245411232113838,,0.0,,0.0,0.0
isotropic,NE_EAST,7.6-7.7,,0.0026153402868658304,0.0026153402868658304,,0.0,,0.0,0.0
front,MIF on,40-200,0.28380716643899695,0.5334879755973816,0.5451619625091553,0.8797551249011619,0.021882380570436677,0.9208886419234779,0.02199907578778859,-0.00011669521735191424
front,MIF on,0.2-1,0.006347187208437801,0.01582350768148899,0.016232918947935104,1.492995268904877,0.02587360999135857,1.557498056202824,0.02199907578778859,0.0038745342035699792
front,MIF on,0.21-1,0.0061919229774378,0.015774032101035118,0.016183428466320038,1.5475174931136446,0.025953818444306,1.6136352996136099,0.02199907578778859,0.003954742656517407
front,MIF on,1-6,0.56573856488799,0.5638287663459778,0.5762109756469727,-0.0033757616336272944,0.02196093927814413,0.018511042748263096,0.02199907578778859,-3.813650964445969e-05
front,MIF on,6-11.5,0.48706106618199996,0.48664259910583496,0.4973662197589874,-0.0008591675771690843,0.022035926720875176,0.021157826589934814,0.02199907578778859,3.685093308658516e-05
front,MIF on,7.6-7.7,0.028138150799999997,0.02622195892035961,0.026884205639362335,-0.06809942463029184,0.0252554250814776,-0.04456387946565632,0.02199907578778859,0.0032563492936890093
front,MIF off,40-200,2.5999027317652006,2.5975918769836426,2.6060922145843506,-0.0008888235522522825,0.003272391508468475,0.0023806593775712592,0.003291641303670545,-1.924979520206982e-05
front,MIF off,0.2-1,0.140703985637,0.13821282982826233,0.13866779208183289,-0.01770494131676248,0.003291751237102014,-0.0144714703421428,0.003291641303670545,1.099334314691447e-07
front,MIF off,0.21-1,0.14069423861400002,0.13819192349910736,0.13864684104919434,-0.01778548389431822,0.003291925740435353,-0.014552106646120722,0.003291641303670545,2.8443676480804925e-07
front,MIF off,1-6,0.11593127324911999,0.11548423767089844,0.11586436629295349,-0.0038560395801133796,0.003291606107652001,-0.0005771260358947705,0.003291641303670545,-3.5196018544070284e-08
front,MIF off,6-11.5,0.000228149879703,0.00022679449466522783,0.00022754102246835828,-0.005940765954102534,0.003291648698229732,-0.002668672170392239,0.003291641303670545,7.3945591871904526e-09
front,MIF off,7.6-7.7,4.88110983e-06,4.789476406585891e-06,4.805241587746423e-06,-0.01877307141316864,0.0032916293603313385,-0.015543236045884479,0.003291641303670545,-1.1943339206510473e-08
front,Shield Center,40-200,0.1162670119503,0.09946540743112564,0.09966392815113068,-0.14450878402514067,0.001995877010230851,-0.14280132877472196,0.001996342769009285,-4.6575877843402225e-07
front,Shield Center,0.2-1,0.038080110602400005,0.03854354843497276,0.038620494306087494,0.012170075801816393,0.0019963359430839045,0.014190707304653438,0.001996342769009285,-6.825925380482545e-09
front,Shield Center,0.21-1,0.0361505746324,0.03654196113348007,0.03661490976810455,0.010826563756175966,0.0019962977454333064,0.012844474546426454,0.001996342769009285,-4.5023575978575536e-08
front,Shield Center,1-6,0.034662543864,0.03466849774122238,0.03473770618438721,0.00017176688605835544,0.0019962919559255443,0.0021684017388368115,0.001996342769009285,-5.0813083740663956e-08
front,Shield Center,6-11.5,0.00725038837603,0.007255937438458204,0.007270422764122486,0.0007653469221799991,0.0019963410361707457,0.00276321585181849,0.001996342769009285,-1.7328385393255985e-09
front,Shield Center,7.6-7.7,0.000530981965,0.0005421038949862123,0.0005431860918179154,0.020945965624674878,0.0019962904559664985,0.022984070311908855,0.001996342769009285,-5.23130427865226e-08
front,HB4,40-200,0.3944477652354,0.39444783329963684,0.3999512791633606,1.7255576745256462e-07,0.013952278093877002,0.013952453057190395,0.014011229152743443,-5.895105886644103e-05
front,HB4,0.2-1,0.26098906917998094,0.26098906993865967,0.26463019847869873,2.906936913404934e-09,0.01395126830749982,0.01395127125499207,0.014011229152743443,-5.9960845243622884e-05
front,HB4,0.21-1,0.2542949254799809,0.2542949318885803,0.25783947110176086,2.5201444486810942e-08,0.013938693889241849,0.013938719441961567,0.014011229152743443,-7.253526350159412e-05
front,HB4,1-6,0.452667157982,0.45266711711883545,0.4589928686618805,-9.027198866196073e-08,0.013974400401132625,0.013974308867647167,0.014011229152743443,-3.682875161081789e-05
front,HB4,6-11.5,0.16770569854764,0.1677057147026062,0.1700720638036728,9.6329262122552e-08,0.014110128001677547,0.014110225690157963,0.014011229152743443,9.889884893410361e-05
front,HB4,7.6-7.7,0.05942848632,0.059428490698337555,0.0603611059486866,7.367405463476473e-08,0.015693066396100352,0.015693141226327034,0.014011229152743443,0.0016818372433569095
front,East 18,40-200,0.15368683491000001,0.08179840445518494,0.08200231939554214,-0.4677591967907557,0.0024928963066623844,-0.4664323756581803,0.0024937406277016905,-8.443210393060951e-07
front,East 18,0.2-1,0.061283477015000004,0.06253530085086823,0.06269124895334244,0.02042677564724049,0.002493761129351846,0.022971476275699176,0.0024937406277016905,2.050165015532457e-08
front,East 18,0.21-1,0.059562368035,0.0606500543653965,0.060801297426223755,0.018261300990540796,0.002493700333985993,0.02080053953690575,0.0024937406277016905,-4.029371569735929e-08
front,East 18,1-6,0.062138287406,0.06235416233539581,0.06250965595245361,0.003474104910315967,0.002493716718082295,0.005976485061893744,0.0024937406277016905,-2.3909619395467985e-08
front,East 18,6-11.5,0.01311042415099,0.013079649768769741,0.013112266547977924,-0.0023473216324535473,0.0024937043257888813,0.00014052916722651076,0.0024937406277016905,-3.630191280912243e-08
front,East 18,7.6-7.7,0.00179211174,0.001871698652394116,0.0018763660918921232,0.04440957035085091,0.002493691755367289,0.047014005885661625,0.0024937406277016905,-4.887233440165062e-08
front,East 1,40-200,0.15483784623900004,0.15483784675598145,0.15536096692085266,3.3388567466374752e-09,0.0033785032266409054,0.003378506576778184,0.003380302374978106,-1.799148337200407e-06
front,East 1,0.2-1,0.101068801176,0.10106880217790604,0.10141043365001678,9.913108778292212e-09,0.0033801872066256955,0.003380197153242781,0.003380302374978106,-1.1516835241032197e-07
front,East 1,0.21-1,0.09851050537600001,0.0985104963183403,0.09884348511695862,-9.19461297099744e-08,0.0033802367368269692,0.00338014447989754,0.003380302374978106,-6.563815113658222e-08
front,East 1,1-6,0.094218362309,0.09421835839748383,0.09453684836626053,-4.151543375741085e-08,0.003380338759810142,0.0033802971040401975,0.003380302374978106,3.6384832036162607e-08
front,East 1,6-11.5,0.018636462548410004,0.018636461347341537,0.018699461594223976,-6.444723421594745e-08,0.003380483328259354,0.003380418663162299,0.003380302374978106,1.8095328124800858e-07
front,East 1,7.6-7.7,0.003826505616,0.0038265057373791933,0.003839440643787384,3.1720636339827024e-08,0.0033803441823792024,0.0033803760102422142,0.003380302374978106,4.180740109660519e-08
front,PROSPECT_DOWN,40-200,,0.11947160214185715,0.11947160214185715,,0.0,,0.0,0.0
front,PROSPECT_DOWN,0.2-1,,0.044451527297496796,0.044451527297496796,,0.0,,0.0,0.0
front,PROSPECT_DOWN,0.21-1,,0.04314740374684334,0.04314740374684334,,0.0,,0.0,0.0
front,PROSPECT_DOWN,1-6,,0.03886636719107628,0.03886636719107628,,0.0,,0.0,0.0
front,PROSPECT_DOWN,6-11.5,,0.008237086236476898,0.008237086236476898,,0.0,,0.0,0.0
front,PROSPECT_DOWN,7.6-7.7,,0.00037481202161870897,0.00037481202161870897,,0.0,,0.0,0.0
front,NE_EAST,40-200,,0.11825530230998993,0.11825530230998993,,0.0,,0.0,0.0
front,NE_EAST,0.2-1,,0.04200894385576248,0.04200894385576248,,0.0,,0.0,0.0
front,NE_EAST,0.21-1,,0.04025790095329285,0.04025790095329285,,0.0,,0.0,0.0
front,NE_EAST,1-6,,0.041840314865112305,0.041840314865112305,,0.0,,0.0,0.0
front,NE_EAST,6-11.5,,0.0074036382138729095,0.0074036382138729095,,0.0,,0.0,0.0
front,NE_EAST,7.6-7.7,,0.0005594592075794935,0.0005594592075794935,,0.0,,0.0,0.0
